2021-06-21 14:51:51.310,0.874756,0.271729,0.579834,-4.028320,-3.845215,-1.220703
2021-06-21 14:51:51.314,0.872314,0.278320,0.564209,-3.417969,-7.141113,-1.403808
2021-06-21 14:51:51.319,0.868164,0.282471,0.548584,-3.356933,-7.995605,-1.953125
2021-06-21 14:51:51.325,0.852539,0.287354,0.531006,-3.479004,-9.338379,-2.441406
2021-06-21 14:51:51.330,0.827148,0.293945,0.507568,-2.929687,-13.000487,-2.319336
2021-06-21 14:51:51.334,0.811035,0.303467,0.478027,-1.708984,-18.676758,-1.098633
2021-06-21 14:51:51.340,0.831787,0.313721,0.476807,-1.281738,-24.841307,2.258301
2021-06-21 14:51:51.345,0.867432,0.316162,0.475586,-2.319336,-24.963377,4.028320
2021-06-21 14:51:51.349,0.863037,0.302490,0.477051,-0.244141,-11.291503,0.488281
2021-06-21 14:51:51.354,0.838867,0.292236,0.489014,2.502441,2.746582,-1.708984
2021-06-21 14:51:51.360,0.852295,0.274902,0.491211,4.821777,3.051758,0.671387
2021-06-21 14:51:51.365,0.895020,0.269287,0.489746,5.737304,-2.014160,1.525879
2021-06-21 14:51:51.369,0.900635,0.266113,0.480713,3.845215,-2.136230,-0.610352
2021-06-21 14:51:51.375,0.886963,0.263428,0.475586,2.502441,-0.061035,-2.685547
2021-06-21 14:51:51.380,0.875488,0.269531,0.475342,2.441406,-0.671387,-3.051758
2021-06-21 14:51:51.384,0.881104,0.262695,0.475098,2.014160,-2.563476,-3.234863
2021-06-21 14:51:51.389,0.883301,0.251953,0.479736,2.075195,-3.112793,-3.845215
2021-06-21 14:51:51.395,0.877686,0.253662,0.478516,2.441406,-2.929687,-5.065917
2021-06-21 14:51:51.400,0.867676,0.259277,0.473145,3.234863,-4.455566,-5.798339
2021-06-21 14:51:51.404,0.862061,0.264404,0.469482,3.662109,-6.042480,-5.981445
2021-06-21 14:51:51.409,0.861328,0.270752,0.460693,3.051758,-6.042480,-6.530761
2021-06-21 14:51:51.415,0.849609,0.276123,0.462402,1.464844,-6.774902,-7.263183
2021-06-21 14:51:51.419,0.839111,0.300537,0.465332,-0.305176,-10.070800,-8.361816
2021-06-21 14:51:51.424,0.835938,0.329834,0.455078,-0.366211,-9.826660,-8.728027
2021-06-21 14:51:51.430,0.803467,0.326904,0.448486,1.525879,0.976562,-8.361816
2021-06-21 14:51:51.435,0.794189,0.322998,0.454102,4.089355,11.840819,-7.141113
2021-06-21 14:51:51.439,0.818115,0.314697,0.457764,6.652832,12.695312,-4.028320
2021-06-21 14:51:51.444,0.838379,0.306885,0.456055,6.530761,9.216309,-3.234863
2021-06-21 14:51:51.450,0.844727,0.311768,0.452881,5.065917,7.446289,-4.150391
2021-06-21 14:51:51.455,0.831543,0.314453,0.452881,3.234863,6.530761,-4.760742
2021-06-21 14:51:51.459,0.817627,0.325928,0.454590,1.831055,4.699707,-4.760742
2021-06-21 14:51:51.465,0.808838,0.334473,0.459473,0.305176,2.746582,-4.272461
2021-06-21 14:51:51.470,0.807861,0.336182,0.454346,-1.403808,1.159668,-3.295898
2021-06-21 14:51:51.474,0.816162,0.328369,0.446289,-2.563476,-0.488281,-2.136230
2021-06-21 14:51:51.479,0.830322,0.325928,0.442627,-4.028320,-2.197266,-1.403808
2021-06-21 14:51:51.485,0.821045,0.322998,0.431396,-4.943848,-3.540039,-1.892090
2021-06-21 14:51:51.490,0.797119,0.329102,0.414063,-4.150391,-3.784179,-2.685547
2021-06-21 14:51:51.494,0.785645,0.345947,0.408936,-1.770019,-3.112793,-2.014160
2021-06-21 14:51:51.500,0.789551,0.352539,0.406494,0.671387,-1.220703,0.183105
2021-06-21 14:51:51.505,0.807129,0.352295,0.397217,1.647949,0.549316,1.892090
2021-06-21 14:51:51.509,0.828369,0.346436,0.391846,1.342773,1.464844,3.356933
2021-06-21 14:51:51.514,0.840332,0.343506,0.402100,-0.122070,2.807617,3.967285
2021-06-21 14:51:51.520,0.840332,0.338623,0.418945,-1.953125,4.943848,3.662109
2021-06-21 14:51:51.525,0.839111,0.327881,0.439209,-3.601074,6.713867,3.662109
2021-06-21 14:51:51.529,0.849854,0.311279,0.456543,-4.028320,7.934570,4.577637
2021-06-21 14:51:51.534,0.867920,0.294922,0.472900,-3.540039,8.728027,5.126953
2021-06-21 14:51:51.540,0.880615,0.281738,0.489990,-3.356933,8.850098,4.638672
2021-06-21 14:51:51.544,0.882324,0.277832,0.502197,-3.479004,8.422852,3.234863
2021-06-21 14:51:51.549,0.878418,0.280029,0.505127,-3.662109,8.178711,1.892090
2021-06-21 14:51:51.555,0.871826,0.283691,0.510254,-4.089355,7.568359,0.793457
2021-06-21 14:51:51.560,0.867188,0.278076,0.516602,-4.333496,5.859375,0.427246
2021-06-21 14:51:51.564,0.880615,0.265869,0.527344,-3.479004,3.845215,0.732422
2021-06-21 14:51:51.569,0.899658,0.261475,0.537842,-1.770019,4.089355,0.366211
2021-06-21 14:51:51.575,0.894531,0.260254,0.549805,0.671387,9.887695,-2.624511
2021-06-21 14:51:51.580,0.879150,0.260986,0.568604,3.173828,16.296387,-5.371093
2021-06-21 14:51:51.584,0.874756,0.267578,0.571045,4.394531,14.404296,-5.676269
2021-06-21 14:51:51.590,0.887207,0.276367,0.554932,5.371093,10.375976,-6.103515
2021-06-21 14:51:51.595,0.883545,0.284912,0.545166,5.920410,10.070800,-7.324218
2021-06-21 14:51:51.599,0.864014,0.296387,0.538574,5.126953,10.131835,-8.789063
2021-06-21 14:51:51.604,0.849365,0.306885,0.539307,4.333496,7.629394,-9.277344
2021-06-21 14:51:51.610,0.835449,0.320313,0.524658,3.540039,3.906250,-9.155273
2021-06-21 14:51:51.615,0.815918,0.331299,0.501953,3.356933,0.183105,-8.911133
2021-06-21 14:51:51.619,0.808594,0.352295,0.489014,4.028320,-2.746582,-8.178711
2021-06-21 14:51:51.625,0.807861,0.359131,0.486572,5.493164,0.793457,-6.774902
2021-06-21 14:51:51.630,0.807861,0.358887,0.502930,6.408691,7.629394,-5.981445
2021-06-21 14:51:51.634,0.805664,0.357422,0.512939,6.774902,9.826660,-5.798339
2021-06-21 14:51:51.639,0.808350,0.354980,0.507568,6.652832,7.995605,-5.187988
2021-06-21 14:51:51.645,0.812500,0.349365,0.500732,6.042480,6.469726,-4.699707
2021-06-21 14:51:51.650,0.816406,0.349609,0.500732,5.310058,5.981445,-4.577637
2021-06-21 14:51:51.654,0.810791,0.348877,0.498535,4.333496,4.333496,-4.760742
2021-06-21 14:51:51.659,0.810547,0.344727,0.489258,2.990722,1.464844,-4.821777
2021-06-21 14:51:51.665,0.818359,0.336914,0.481689,1.708984,-1.159668,-4.394531
2021-06-21 14:51:51.669,0.831055,0.326660,0.475098,0.854492,-2.563476,-4.028320
2021-06-21 14:51:51.674,0.830566,0.322754,0.475098,0.366211,-2.685547,-5.065917
2021-06-21 14:51:51.680,0.824219,0.317383,0.474121,-0.122070,-2.624511,-6.347656
2021-06-21 14:51:51.685,0.819824,0.317383,0.460205,-0.488281,-3.906250,-6.958007
2021-06-21 14:51:51.689,0.822754,0.323975,0.450684,-0.244141,-5.493164,-6.774902
2021-06-21 14:51:51.694,0.819336,0.325195,0.447510,-0.244141,-5.126953,-6.774902
2021-06-21 14:51:51.700,0.813232,0.331055,0.445068,-0.244141,-2.258301,-7.263183
2021-06-21 14:51:51.705,0.806885,0.332275,0.442139,1.098633,3.234863,-7.690429
2021-06-21 14:51:51.709,0.804932,0.327393,0.444092,1.647949,7.507324,-6.713867
2021-06-21 14:51:51.714,0.810547,0.329346,0.451660,1.770019,7.446289,-5.920410
2021-06-21 14:51:51.719,0.813721,0.331055,0.457275,1.281738,6.774902,-6.286621
2021-06-21 14:51:51.724,0.802979,0.334717,0.453369,-0.305176,7.690429,-6.652832
2021-06-21 14:51:51.729,0.795898,0.342529,0.456543,-1.342773,7.690429,-6.530761
2021-06-21 14:51:51.734,0.785645,0.344971,0.466797,-2.197266,7.080078,-5.798339
2021-06-21 14:51:51.739,0.781006,0.350342,0.469238,-3.540039,6.408691,-4.638672
2021-06-21 14:51:51.744,0.764893,0.348389,0.451172,-3.967285,4.577637,-4.028320
2021-06-21 14:51:51.749,0.774170,0.350830,0.456055,-2.929687,0.427246,-1.892090
2021-06-21 14:51:51.753,0.793213,0.348633,0.463867,-3.723144,-1.770019,0.244141
2021-06-21 14:51:51.758,0.800537,0.345459,0.458740,-5.554199,-1.464844,0.183105
2021-06-21 14:51:51.763,0.803223,0.343018,0.460693,-7.141113,-1.770019,0.183105
2021-06-21 14:51:51.768,0.802734,0.339111,0.466553,-7.873535,-1.770019,0.427246
2021-06-21 14:51:51.773,0.808105,0.336670,0.467285,-8.972168,-1.892090,0.549316
2021-06-21 14:51:51.778,0.814697,0.330078,0.468994,-9.704590,-2.746582,0.793457
2021-06-21 14:51:51.783,0.816895,0.322998,0.465088,-9.826660,-2.990722,0.915527
2021-06-21 14:51:51.788,0.827393,0.315674,0.471924,-9.399414,-1.281738,1.220703
2021-06-21 14:51:51.792,0.835205,0.308105,0.481689,-9.033203,1.037598,0.915527
2021-06-21 14:51:51.797,0.833740,0.309082,0.483154,-8.483887,1.831055,0.244141
2021-06-21 14:51:51.802,0.831787,0.306641,0.478760,-8.239746,2.258301,-0.244141
2021-06-21 14:51:51.807,0.826660,0.303955,0.474365,-7.751464,2.807617,-0.366211
2021-06-21 14:51:51.812,0.835449,0.303223,0.479492,-6.835937,3.112793,0.000000
2021-06-21 14:51:51.817,0.842285,0.304688,0.489014,-6.347656,3.173828,0.122070
2021-06-21 14:51:51.822,0.843018,0.303711,0.490967,-6.286621,3.723144,-0.183105
2021-06-21 14:51:51.826,0.836670,0.300781,0.497314,-5.859375,4.882813,-0.732422
2021-06-21 14:51:51.831,0.834717,0.303955,0.509277,-5.676269,5.065917,-1.220703
2021-06-21 14:51:51.836,0.831055,0.306152,0.516602,-5.676269,4.089355,-1.892090
2021-06-21 14:51:51.841,0.820557,0.309814,0.516113,-5.859375,3.540039,-2.868652
2021-06-21 14:51:51.846,0.806641,0.314209,0.506104,-4.882813,4.638672,-3.356933
2021-06-21 14:51:51.851,0.807373,0.320068,0.509766,-3.601074,6.286621,-2.380371
2021-06-21 14:51:51.856,0.815674,0.319092,0.515869,-3.417969,6.286621,-1.892090
2021-06-21 14:51:51.861,0.811523,0.322266,0.517578,-3.967285,4.882813,-2.563476
2021-06-21 14:51:51.866,0.798828,0.329590,0.508789,-4.699707,3.906250,-3.173828
2021-06-21 14:51:51.870,0.787354,0.332275,0.500732,-5.065917,3.601074,-2.685547
2021-06-21 14:51:51.875,0.792236,0.332764,0.499268,-5.249023,3.173828,-1.342773
2021-06-21 14:51:51.880,0.805420,0.324463,0.503906,-5.187988,2.380371,-0.183105
2021-06-21 14:51:51.885,0.824951,0.310791,0.518311,-5.126953,1.770019,0.366211
2021-06-21 14:51:51.890,0.833740,0.306885,0.529785,-5.432128,1.342773,0.183105
2021-06-21 14:51:51.895,0.832275,0.303955,0.528809,-5.615234,0.915527,-0.549316
2021-06-21 14:51:51.900,0.824707,0.306152,0.533447,-5.493164,0.854492,-1.464844
2021-06-21 14:51:51.904,0.821045,0.311279,0.534668,-5.432128,0.244141,-1.403808
2021-06-21 14:51:51.909,0.819092,0.311768,0.531494,-5.432128,-1.098633,-1.220703
2021-06-21 14:51:51.915,0.823975,0.305664,0.534668,-5.615234,-2.685547,-1.342773
2021-06-21 14:51:51.919,0.836182,0.302002,0.533203,-6.347656,-4.272461,-1.525879
2021-06-21 14:51:51.924,0.839600,0.291748,0.530029,-6.408691,-5.554199,-2.014160
2021-06-21 14:51:51.930,0.849854,0.292236,0.533936,-6.225585,-6.347656,-2.624511
2021-06-21 14:51:51.935,0.843750,0.302734,0.539063,-5.493164,-3.906250,-4.272461
2021-06-21 14:51:51.939,0.817383,0.306641,0.542236,-4.516602,0.915527,-5.493164
2021-06-21 14:51:51.944,0.810059,0.312256,0.531494,-3.967285,2.563476,-5.126953
2021-06-21 14:51:51.950,0.820801,0.321533,0.524414,-4.394531,1.342773,-4.089355
2021-06-21 14:51:51.955,0.826660,0.326172,0.513184,-7.141113,1.098633,-3.967285
2021-06-21 14:51:51.959,0.816162,0.318604,0.502197,-10.986327,0.915527,-4.577637
2021-06-21 14:51:51.965,0.797119,0.302490,0.488037,-11.779784,-0.976562,-5.004883
2021-06-21 14:51:51.970,0.792725,0.312256,0.489014,-7.263183,-3.845215,-4.821777
2021-06-21 14:51:51.974,0.799561,0.330322,0.500732,-3.845215,-4.333496,-3.662109
2021-06-21 14:51:51.979,0.798584,0.331787,0.494873,-3.845215,-1.159668,-3.234863
2021-06-21 14:51:51.985,0.795654,0.329590,0.484375,-3.234863,1.281738,-3.051758
2021-06-21 14:51:51.990,0.795410,0.328613,0.481934,-2.624511,0.793457,-2.441406
2021-06-21 14:51:51.994,0.810791,0.322754,0.490234,-2.868652,-0.427246,-1.342773
2021-06-21 14:51:52.000,0.825439,0.313232,0.495605,-3.051758,-0.427246,-0.793457
2021-06-21 14:51:52.005,0.824707,0.302246,0.500488,-2.929687,0.915527,-1.525879
2021-06-21 14:51:52.009,0.820557,0.296875,0.505371,-2.258301,1.647949,-2.075195
2021-06-21 14:51:52.014,0.822021,0.296143,0.503662,-1.037598,2.197266,-1.464844
2021-06-21 14:51:52.020,0.825439,0.293945,0.506592,0.122070,4.089355,-1.159668
2021-06-21 14:51:52.025,0.823975,0.295898,0.515137,0.976562,5.493164,-1.831055
2021-06-21 14:51:52.029,0.822998,0.299316,0.518799,0.671387,4.272461,-2.136230
2021-06-21 14:51:52.034,0.820068,0.300781,0.516113,0.305176,2.624511,-2.624511
2021-06-21 14:51:52.040,0.816406,0.301025,0.512451,0.610352,1.647949,-2.807617
2021-06-21 14:51:52.044,0.817871,0.303467,0.509766,0.793457,0.549316,-2.563476
2021-06-21 14:51:52.049,0.828125,0.305664,0.509521,0.793457,-0.244141,-2.685547
2021-06-21 14:51:52.055,0.823730,0.315186,0.512695,-0.427246,-0.061035,-3.234863
2021-06-21 14:51:52.060,0.804932,0.321045,0.507324,-1.098633,-2.502441,-3.845215
2021-06-21 14:51:52.064,0.792725,0.333252,0.502197,-0.976562,-4.150391,-3.540039
2021-06-21 14:51:52.069,0.783691,0.335693,0.500000,-0.427246,-3.723144,-2.258301
2021-06-21 14:51:52.075,0.788086,0.338379,0.499512,0.122070,-3.234863,-1.342773
2021-06-21 14:51:52.080,0.798340,0.336914,0.507813,0.366211,-1.586914,-0.549316
2021-06-21 14:51:52.084,0.791992,0.332275,0.509766,0.671387,1.159668,-0.671387
2021-06-21 14:51:52.090,0.791748,0.329102,0.506592,1.342773,2.868652,-0.549316
2021-06-21 14:51:52.095,0.803223,0.323242,0.506836,2.563476,4.455566,0.488281
2021-06-21 14:51:52.099,0.818604,0.311035,0.512207,3.540039,6.408691,1.159668
2021-06-21 14:51:52.104,0.825195,0.304199,0.521729,3.417969,6.469726,0.366211
2021-06-21 14:51:52.110,0.824219,0.303955,0.517090,3.356933,5.126953,-0.793457
2021-06-21 14:51:52.115,0.821777,0.306152,0.514404,3.356933,3.173828,-1.403808
2021-06-21 14:51:52.119,0.817627,0.308594,0.507080,3.356933,1.892090,-1.525879
2021-06-21 14:51:52.125,0.816162,0.314209,0.499512,3.295898,0.793457,-1.342773
2021-06-21 14:51:52.130,0.827393,0.309814,0.498047,3.295898,0.183105,-0.976562
2021-06-21 14:51:52.134,0.834717,0.306885,0.496826,2.868652,0.000000,-1.098633
2021-06-21 14:51:52.139,0.833496,0.308105,0.498291,2.258301,-0.366211,-1.647949
2021-06-21 14:51:52.145,0.834229,0.304443,0.497070,1.708984,-0.793457,-2.197266
2021-06-21 14:51:52.150,0.830322,0.309814,0.496338,1.098633,-1.464844,-2.380371
2021-06-21 14:51:52.154,0.825928,0.312012,0.497314,0.671387,-2.197266,-2.441406
2021-06-21 14:51:52.159,0.826904,0.313965,0.502197,0.732422,-2.868652,-2.624511
2021-06-21 14:51:52.165,0.814697,0.323730,0.498291,1.281738,-2.014160,-3.662109
2021-06-21 14:51:52.169,0.804443,0.328369,0.497314,3.417969,1.953125,-3.906250
2021-06-21 14:51:52.174,0.803223,0.325928,0.499268,5.126953,4.455566,-2.380371
2021-06-21 14:51:52.180,0.818115,0.323975,0.495117,5.676269,3.967285,-1.403808
2021-06-21 14:51:52.185,0.834473,0.315918,0.494873,5.249023,2.624511,-1.403808
2021-06-21 14:51:52.189,0.835693,0.311523,0.493896,4.455566,2.502441,-2.197266
2021-06-21 14:51:52.194,0.823730,0.314209,0.494385,4.272461,2.807617,-3.112793
2021-06-21 14:51:52.200,0.813477,0.319092,0.500244,4.760742,2.502441,-3.112793
2021-06-21 14:51:52.205,0.813477,0.324951,0.502930,4.943848,1.770019,-2.929687
2021-06-21 14:51:52.209,0.814941,0.328857,0.493896,4.760742,1.403808,-2.685547
2021-06-21 14:51:52.215,0.819580,0.330078,0.484863,4.455566,1.159668,-2.441406
2021-06-21 14:51:52.220,0.815674,0.329590,0.490234,4.028320,1.708984,-2.746582
2021-06-21 14:51:52.224,0.807373,0.330078,0.495361,3.784179,3.051758,-3.051758
2021-06-21 14:51:52.229,0.805908,0.330811,0.495850,3.967285,3.173828,-2.563476
2021-06-21 14:51:52.235,0.814697,0.331543,0.493652,3.845215,2.197266,-1.953125
2021-06-21 14:51:52.240,0.817383,0.329834,0.491455,3.601074,1.586914,-1.831055
2021-06-21 14:51:52.244,0.822510,0.328613,0.493652,2.929687,1.037598,-1.953125
2021-06-21 14:51:52.250,0.824219,0.329834,0.498291,1.831055,-0.061035,-2.563476
2021-06-21 14:51:52.255,0.817627,0.334473,0.490234,0.854492,-0.915527,-3.295898
2021-06-21 14:51:52.259,0.802246,0.335449,0.488281,1.525879,0.488281,-3.845215
2021-06-21 14:51:52.264,0.802979,0.329102,0.497559,3.417969,4.089355,-3.173828
2021-06-21 14:51:52.270,0.816650,0.328369,0.500488,4.516602,6.103515,-2.014160
2021-06-21 14:51:52.275,0.822998,0.327148,0.500977,5.004883,5.859375,-2.075195
2021-06-21 14:51:52.279,0.822998,0.332520,0.498291,4.333496,5.249023,-3.051758
2021-06-21 14:51:52.284,0.816406,0.338867,0.497070,3.417969,5.187988,-3.723144
2021-06-21 14:51:52.290,0.805176,0.346924,0.500488,2.868652,4.516602,-3.601074
2021-06-21 14:51:52.294,0.799316,0.349609,0.504150,1.831055,3.540039,-2.868652
2021-06-21 14:51:52.299,0.801758,0.349854,0.504883,0.427246,2.197266,-2.014160
2021-06-21 14:51:52.305,0.810791,0.342773,0.501221,-0.854492,0.732422,-1.464844
2021-06-21 14:51:52.310,0.811768,0.335938,0.500488,-0.854492,0.305176,-1.831055
2021-06-21 14:51:52.314,0.796875,0.333252,0.515869,0.671387,3.479004,-2.868652
2021-06-21 14:51:52.319,0.790039,0.334229,0.522705,2.807617,7.385253,-2.136230
2021-06-21 14:51:52.325,0.806641,0.326660,0.525391,4.577637,7.751464,-0.671387
2021-06-21 14:51:52.330,0.819580,0.323486,0.518311,5.004883,6.835937,-0.671387
2021-06-21 14:51:52.334,0.818115,0.323242,0.516357,4.394531,6.774902,-1.525879
2021-06-21 14:51:52.340,0.816650,0.322266,0.521973,4.028320,6.713867,-2.075195
2021-06-21 14:51:52.345,0.811035,0.326172,0.530273,3.784179,5.920410,-2.258301
2021-06-21 14:51:52.349,0.808838,0.324219,0.532959,3.784179,4.516602,-2.136230
2021-06-21 14:51:52.354,0.812012,0.325195,0.537598,3.967285,3.723144,-2.380371
2021-06-21 14:51:52.360,0.808594,0.323486,0.536377,5.126953,5.004883,-2.685547
2021-06-21 14:51:52.365,0.805664,0.325439,0.538574,6.164550,6.469726,-2.746582
2021-06-21 14:51:52.369,0.801270,0.334229,0.536133,6.347656,6.347656,-2.746582
2021-06-21 14:51:52.375,0.796631,0.342041,0.531006,6.225585,5.981445,-2.929687
2021-06-21 14:51:52.380,0.788818,0.347900,0.532471,6.103515,5.310058,-2.929687
2021-06-21 14:51:52.384,0.775391,0.352051,0.527832,6.164550,4.577637,-2.746582
2021-06-21 14:51:52.389,0.770752,0.360107,0.518799,6.469726,4.760742,-2.197266
2021-06-21 14:51:52.395,0.776367,0.360352,0.519287,6.591796,4.699707,-0.610352
2021-06-21 14:51:52.400,0.781982,0.357666,0.520508,6.530761,4.882813,0.366211
2021-06-21 14:51:52.404,0.786377,0.354492,0.520508,5.920410,5.187988,0.427246
2021-06-21 14:51:52.409,0.789063,0.347656,0.521729,4.943848,4.821777,0.671387
2021-06-21 14:51:52.415,0.793701,0.339844,0.524414,4.333496,3.723144,0.976562
2021-06-21 14:51:52.419,0.803711,0.330322,0.530029,4.089355,3.112793,1.037598
2021-06-21 14:51:52.424,0.808594,0.320557,0.537109,4.211426,2.746582,0.549316
2021-06-21 14:51:52.430,0.808105,0.317139,0.534180,4.943848,2.075195,0.000000
2021-06-21 14:51:52.435,0.814453,0.316650,0.537109,5.615234,2.136230,-0.610352
2021-06-21 14:51:52.439,0.810547,0.318115,0.536621,6.530761,2.197266,-1.281738
2021-06-21 14:51:52.444,0.807373,0.326172,0.532227,6.896972,1.464844,-1.708984
2021-06-21 14:51:52.450,0.800293,0.329590,0.526855,7.202148,0.671387,-2.258301
2021-06-21 14:51:52.455,0.793945,0.333740,0.518311,7.629394,0.000000,-2.563476
2021-06-21 14:51:52.459,0.791504,0.335205,0.511230,7.568359,-0.793457,-2.258301
2021-06-21 14:51:52.465,0.790283,0.340576,0.505615,8.117676,-0.488281,-2.075195
2021-06-21 14:51:52.470,0.786133,0.346924,0.506104,8.605957,1.281738,-2.075195
2021-06-21 14:51:52.474,0.773193,0.352295,0.504395,9.277344,4.394531,-2.258301
2021-06-21 14:51:52.479,0.763428,0.357666,0.498535,10.009766,6.103515,-1.525879
2021-06-21 14:51:52.485,0.768555,0.352295,0.491211,10.253905,5.615234,-0.061035
2021-06-21 14:51:52.490,0.778076,0.356201,0.488037,10.131835,5.371093,0.732422
2021-06-21 14:51:52.494,0.775146,0.359619,0.488281,9.338379,5.249023,0.549316
2021-06-21 14:51:52.500,0.767822,0.362305,0.490234,8.117676,3.784179,0.427246
2021-06-21 14:51:52.505,0.762939,0.358154,0.505127,7.019042,2.929687,0.854492
2021-06-21 14:51:52.510,0.780518,0.301270,0.615723,6.286621,8.911133,0.366211
2021-06-21 14:51:52.514,0.846436,0.331055,0.585693,10.437011,26.000975,0.244141
2021-06-21 14:51:52.520,0.786865,0.382324,0.397217,7.812500,25.085447,-4.150391
2021-06-21 14:51:52.525,0.760742,0.365479,0.340576,-0.366211,6.591796,-7.080078
2021-06-21 14:51:52.529,0.709717,0.403320,0.418945,2.624511,-3.295898,-1.220703
2021-06-21 14:51:52.534,0.709717,0.400391,0.501709,-1.342773,-2.258301,0.915527
2021-06-21 14:51:52.540,0.731201,0.380859,0.485840,-1.098633,0.671387,4.089355
2021-06-21 14:51:52.544,0.753418,0.376953,0.465820,3.479004,0.000000,5.920410
2021-06-21 14:51:52.549,0.770264,0.366943,0.466553,1.464844,-2.380371,5.676269
2021-06-21 14:51:52.555,0.768799,0.356934,0.478027,-1.892090,-5.004883,5.432128
2021-06-21 14:51:52.560,0.766357,0.355713,0.493164,-3.784179,-9.033203,4.699707
2021-06-21 14:51:52.564,0.751953,0.363037,0.500732,-7.507324,-14.282226,3.906250
2021-06-21 14:51:52.569,0.743164,0.364258,0.489014,-11.657714,-21.911619,3.173828
2021-06-21 14:51:52.575,0.742432,0.360596,0.481445,-14.282226,-29.785154,3.601074
2021-06-21 14:51:52.580,0.743408,0.336182,0.551270,-18.798828,-37.597656,1.770019
2021-06-21 14:51:52.584,0.819092,0.259033,0.709473,-24.658201,-35.156250,-3.234863
2021-06-21 14:51:52.590,0.883789,0.312256,0.556641,-26.489256,-35.034180,-9.155273
2021-06-21 14:51:52.595,0.796875,0.346680,0.484863,-44.494625,-74.401855,-19.409180
2021-06-21 14:51:52.599,0.736084,0.297607,0.549561,-73.364258,-118.774406,-31.066893
2021-06-21 14:51:52.604,0.663818,0.325684,0.609863,-87.829582,-152.038574,-32.775879
2021-06-21 14:51:52.610,0.609619,0.363281,0.666504,-101.501457,-183.593735,-32.836914
2021-06-21 14:51:52.615,0.614502,0.409912,0.707520,-115.539543,-213.989243,-33.447266
2021-06-21 14:51:52.619,0.606201,0.440186,0.725098,-126.892082,-237.609848,-34.179688
2021-06-21 14:51:52.625,0.559814,0.471436,0.707520,-138.671875,-258.972168,-36.987305
2021-06-21 14:51:52.630,0.499512,0.519043,0.732422,-148.681641,-273.803711,-42.053219
2021-06-21 14:51:52.635,0.410889,0.545654,0.744629,-157.226563,-272.399902,-46.691891
2021-06-21 14:51:52.639,0.322510,0.578857,0.679932,-165.710434,-267.883301,-48.156734
2021-06-21 14:51:52.645,0.257324,0.610107,0.575195,-174.560532,-278.503418,-46.508785
2021-06-21 14:51:52.650,0.214600,0.623535,0.467041,-180.969223,-297.363281,-43.701168
2021-06-21 14:51:52.654,0.170898,0.640381,0.356934,-182.800278,-316.162109,-39.550781
2021-06-21 14:51:52.659,0.159424,0.674561,0.258545,-180.908188,-333.068817,-33.691406
2021-06-21 14:51:52.665,0.150635,0.694824,0.176514,-180.541977,-344.055145,-26.123045
2021-06-21 14:51:52.669,0.127930,0.695068,0.119385,-182.495102,-351.745575,-18.859863
2021-06-21 14:51:52.674,0.134277,0.699463,0.098145,-185.058578,-361.267059,-14.526366
2021-06-21 14:51:52.680,0.157471,0.706543,0.036133,-194.091782,-371.826141,-10.620116
2021-06-21 14:51:52.685,0.165039,0.698242,-0.058594,-199.951157,-376.037567,-7.873535
2021-06-21 14:51:52.689,0.156738,0.682617,-0.123779,-199.279770,-374.084442,-5.187988
2021-06-21 14:51:52.694,0.156250,0.666748,-0.173584,-196.960434,-369.811981,1.342773
2021-06-21 14:51:52.700,0.161865,0.643066,-0.222412,-195.007309,-365.478485,10.803222
2021-06-21 14:51:52.705,0.149902,0.663574,-0.348633,-192.626938,-366.271942,17.517090
2021-06-21 14:51:52.709,0.139648,0.671143,-0.366455,-179.504379,-401.489227,16.845703
2021-06-21 14:51:52.715,0.188477,0.700684,-0.352051,-186.157211,-437.988251,18.798828
2021-06-21 14:51:52.720,0.202637,0.648438,-0.460938,-203.613266,-435.363739,31.005857
2021-06-21 14:51:52.724,0.158203,0.599854,-0.492188,-203.063950,-415.039032,46.386715
2021-06-21 14:51:52.729,0.163086,0.560059,-0.496094,-195.373520,-398.803680,55.725094
2021-06-21 14:51:52.735,0.210938,0.526123,-0.519287,-193.786606,-392.822235,63.720699
2021-06-21 14:51:52.740,0.245850,0.491943,-0.546631,-194.152817,-388.000458,74.401855
2021-06-21 14:51:52.744,0.278564,0.449707,-0.564209,-194.824203,-381.103485,82.458488
2021-06-21 14:51:52.750,0.288818,0.396484,-0.573486,-193.664536,-373.840302,90.209953
2021-06-21 14:51:52.755,0.282471,0.382813,-0.582764,-187.866196,-363.159149,98.266594
2021-06-21 14:51:52.760,0.295166,0.375488,-0.604004,-185.546860,-350.341766,101.135246
2021-06-21 14:51:52.764,0.284424,0.359131,-0.636719,-184.265121,-333.496063,104.492180
2021-06-21 14:51:52.770,0.269287,0.342773,-0.662842,-180.725082,-315.612793,109.252922
2021-06-21 14:51:52.775,0.280273,0.316895,-0.694580,-175.842270,-299.621582,112.365715
2021-06-21 14:51:52.779,0.302490,0.291504,-0.711914,-169.067368,-286.865234,116.699211
2021-06-21 14:51:52.784,0.300781,0.284424,-0.704346,-167.175278,-281.616211,118.896477
2021-06-21 14:51:52.790,0.290039,0.299561,-0.710693,-178.161606,-288.513184,106.079094
2021-06-21 14:51:52.794,0.367432,0.266357,-0.763428,-195.922836,-305.419922,85.998528
2021-06-21 14:51:52.799,0.355469,0.216797,-0.792480,-201.110825,-311.340332,91.430656
2021-06-21 14:51:52.805,0.282471,0.173584,-0.790527,-191.894516,-305.725098,101.440422
2021-06-21 14:51:52.810,0.271729,0.148438,-0.757568,-182.373032,-306.213379,98.571770
2021-06-21 14:51:52.814,0.279297,0.152832,-0.736572,-180.969223,-316.223145,94.238274
2021-06-21 14:51:52.819,0.279053,0.145752,-0.749023,-177.001938,-330.871552,91.857903
2021-06-21 14:51:52.825,0.257080,0.151123,-0.770264,-173.400864,-345.092743,90.942375
2021-06-21 14:51:52.830,0.247314,0.167969,-0.819580,-174.621567,-357.665985,90.637199
2021-06-21 14:51:52.834,0.233398,0.196045,-0.897461,-173.095688,-364.257782,91.064445
2021-06-21 14:51:52.840,0.233154,0.194824,-0.968018,-166.320786,-360.900848,92.590324
2021-06-21 14:51:52.845,0.231445,0.189209,-0.993652,-156.188965,-349.853485,96.130363
2021-06-21 14:51:52.849,0.226563,0.178711,-1.010254,-148.437500,-334.289520,99.548332
2021-06-21 14:51:52.854,0.441162,0.045898,-1.025879,-140.930176,-317.993164,103.942863
2021-06-21 14:51:52.860,0.298340,0.033203,-0.983887,-114.929192,-267.883301,156.433105
2021-06-21 14:51:52.865,-0.101807,0.250244,-0.867188,-114.746086,-282.653809,147.399902
2021-06-21 14:51:52.869,0.292480,0.299316,-1.093994,-154.418945,-365.417450,76.904297
2021-06-21 14:51:52.875,0.265625,0.318115,-1.295654,-178.588852,-358.764618,87.341301
2021-06-21 14:51:52.880,0.057861,0.258545,-1.345459,-167.907700,-300.354004,114.440910
2021-06-21 14:51:52.884,0.083496,0.241943,-1.328857,-145.263672,-253.478989,115.783684
2021-06-21 14:51:52.889,0.185547,0.272217,-1.327637,-132.934570,-229.003891,113.891594
2021-06-21 14:51:52.895,0.210938,0.276611,-1.339111,-135.375977,-221.801743,116.516106
2021-06-21 14:51:52.900,0.210449,0.285156,-1.367676,-148.315430,-221.374496,116.760246
2021-06-21 14:51:52.904,0.263916,0.332275,-1.404785,-167.663559,-218.933090,113.220207
2021-06-21 14:51:52.909,0.317871,0.366943,-1.439697,-190.917953,-211.547836,111.938469
2021-06-21 14:51:52.915,0.365723,0.415527,-1.429443,-217.224106,-200.866684,112.121574
2021-06-21 14:51:52.919,0.567871,0.384033,-1.375732,-255.493149,-188.049301,116.516106
2021-06-21 14:51:52.924,0.723389,0.487549,-1.254883,-296.264648,-151.062012,185.852036
2021-06-21 14:51:52.930,0.381348,0.783203,-1.276855,-342.712372,-163.513168,260.742188
2021-06-21 14:51:52.935,1.820313,1.011475,-1.314453,-356.628387,-260.681152,311.279297
2021-06-21 14:51:52.939,0.923584,0.407959,-0.941406,-135.742188,-409.545868,526.428223
2021-06-21 14:51:52.944,-1.999756,-0.321533,-0.864014,236.083969,-669.921814,686.584412
2021-06-21 14:51:52.950,-1.949463,0.168213,-0.509277,394.348114,-962.890564,586.303711
2021-06-21 14:51:52.955,-1.016846,0.213623,-1.586182,214.538559,-1138.854980,396.972626
2021-06-21 14:51:52.959,-0.172607,-0.093262,-2.581299,10.437011,-1075.988770,196.777328
2021-06-21 14:51:52.965,0.005127,-0.146973,-2.078369,-170.471176,-870.483337,67.626953
2021-06-21 14:51:52.970,0.152344,0.218994,-2.371094,-334.289520,-641.235352,48.522945
2021-06-21 14:51:52.974,0.248779,0.257568,-2.148682,-396.606415,-403.869598,95.886223
2021-06-21 14:51:52.979,0.438232,-0.133057,-2.408691,-371.276825,-266.662598,179.931625
2021-06-21 14:51:52.985,0.458496,-0.572510,-2.967529,-186.035141,-212.768539,222.351059
2021-06-21 14:51:52.990,0.382080,-0.701172,-2.928223,77.575684,-159.729004,193.115219
2021-06-21 14:51:52.994,0.570557,-0.018555,-2.078125,166.931137,-87.890617,146.179199
2021-06-21 14:51:53.000,0.529785,0.031250,-2.265625,72.021484,3.051758,161.071762
2021-06-21 14:51:53.005,0.418701,-0.492432,-2.407471,54.443356,117.919914,154.235840
2021-06-21 14:51:53.009,0.540527,-0.589844,-2.097168,105.590813,207.580551,91.674797
2021-06-21 14:51:53.014,0.636719,-0.582031,-1.761963,138.061523,255.187973,26.855467
2021-06-21 14:51:53.020,0.849365,-0.568359,-1.567383,158.447266,272.399902,-21.728514
2021-06-21 14:51:53.025,1.069580,-0.364258,-1.425049,154.846191,293.395996,-50.109859
2021-06-21 14:51:53.029,1.474609,-0.205811,-1.385986,115.722649,317.199707,-38.879395
2021-06-21 14:51:53.034,1.814697,0.129395,-1.262939,69.335938,332.275360,30.090330
2021-06-21 14:51:53.040,0.362305,0.127197,-1.204590,-27.343748,325.317352,132.385254
2021-06-21 14:51:53.044,-0.656250,-0.305664,-1.071777,-56.823727,274.902344,141.784668
2021-06-21 14:51:53.049,-0.245850,-0.328369,-1.124023,-1.892090,191.101059,75.866699
2021-06-21 14:51:53.055,0.549561,-0.157227,-1.147949,17.639160,133.850098,13.977050
2021-06-21 14:51:53.060,0.933350,-0.047607,-1.155273,-14.892577,98.266594,-3.234863
2021-06-21 14:51:53.064,0.895020,-0.088379,-1.171143,-47.912594,72.021484,10.437011
2021-06-21 14:51:53.069,0.749023,-0.163086,-1.130615,-63.049313,58.105465,21.728514
2021-06-21 14:51:53.075,0.689697,-0.229004,-1.045898,-76.782227,50.231930,22.583006
2021-06-21 14:51:53.080,0.756836,-0.318848,-0.988037,-89.782707,37.597656,20.751951
2021-06-21 14:51:53.084,0.821777,-0.381104,-0.929932,-108.154289,28.991697,15.258788
2021-06-21 14:51:53.090,1.021240,-0.872803,-0.703857,-138.977051,26.123045,5.432128
2021-06-21 14:51:53.095,3.176025,-3.143311,-1.687744,-251.342758,17.028809,-342.651337
2021-06-21 14:51:53.099,2.385010,-1.265625,-0.847656,-142.883301,65.124512,-553.527832
2021-06-21 14:51:53.104,1.864502,-1.436523,-1.284180,177.490219,77.514648,-221.923813
2021-06-21 14:51:53.109,0.809814,-0.001221,-0.521240,324.768036,132.751465,-45.471188
2021-06-21 14:51:53.114,0.102783,0.084229,-0.682617,69.152832,29.541014,-83.251945
2021-06-21 14:51:53.119,0.878174,-1.041016,-1.203613,99.487297,-138.488770,-140.319824
2021-06-21 14:51:53.124,1.173828,-0.757324,-0.741211,272.338867,-133.666992,-69.824219
2021-06-21 14:51:53.129,0.997559,-0.445313,-0.847900,233.032211,-83.312981,-4.943848
2021-06-21 14:51:53.134,0.775635,-0.282959,-1.060791,238.342270,-56.335445,-2.929687
2021-06-21 14:51:53.139,0.605957,0.015625,-1.020264,235.656723,-47.424313,-21.667479
2021-06-21 14:51:53.144,0.675049,0.180176,-1.780273,269.042969,68.481445,14.465331
2021-06-21 14:51:53.148,0.777588,0.459229,-1.064453,323.669403,169.494614,85.449211
2021-06-21 14:51:53.153,0.736084,0.171631,-0.904297,146.484375,151.611328,15.502929
2021-06-21 14:51:53.158,0.598145,-0.114502,-1.027344,60.546871,116.516106,-30.212400
2021-06-21 14:51:53.163,0.550049,-0.100830,-1.053467,56.945797,105.834953,-20.507811
2021-06-21 14:51:53.168,0.638428,-0.051758,-1.153320,53.100582,108.886711,-12.084960
2021-06-21 14:51:53.173,0.698975,-0.014648,-1.154053,61.462399,132.812500,-19.165039
2021-06-21 14:51:53.178,0.706787,-0.032227,-1.032959,64.147949,152.709961,-18.920898
2021-06-21 14:51:53.182,0.667236,-0.066162,-0.904785,55.664059,146.057129,-15.563964
2021-06-21 14:51:53.187,0.615723,-0.088623,-0.849609,38.635254,125.732414,-17.272949
2021-06-21 14:51:53.192,0.563232,-0.146240,-0.840576,26.367186,105.041496,-27.648924
2021-06-21 14:51:53.197,0.533203,-0.106445,-0.714111,10.925292,85.327141,-45.654293
2021-06-21 14:51:53.202,0.516602,-0.072998,-0.701416,-34.484863,58.166500,-52.246090
2021-06-21 14:51:53.207,0.595215,-0.053223,-0.794189,-52.673336,50.415035,-47.424313
2021-06-21 14:51:53.212,0.574707,-0.050049,-0.769531,-33.386230,71.472168,-49.133297
2021-06-21 14:51:53.217,0.519775,-0.102539,-0.706543,-27.282713,96.435539,-62.927242
2021-06-21 14:51:53.222,0.498535,-0.105469,-0.714600,-21.362303,120.788567,-63.537594
2021-06-21 14:51:53.226,0.465088,-0.060059,-0.720459,-3.845215,140.197754,-52.429195
2021-06-21 14:51:53.231,0.440674,-0.011475,-0.747803,11.962890,154.602051,-43.762203
2021-06-21 14:51:53.236,0.621826,-0.446289,-1.026123,35.339355,162.719711,-20.629881
2021-06-21 14:51:53.241,0.207764,0.043213,-0.649658,167.846664,160.644516,156.616211
2021-06-21 14:51:53.246,0.102539,0.256836,-0.577881,179.138168,184.631332,226.074203
2021-06-21 14:51:53.251,0.437256,0.153809,-0.973145,86.303703,186.950668,125.427238
2021-06-21 14:51:53.256,0.432617,0.197510,-1.022949,76.721191,175.170883,102.355949
2021-06-21 14:51:53.261,0.318115,0.108154,-1.000732,94.360344,176.574692,141.784668
2021-06-21 14:51:53.265,0.260986,0.054688,-0.959229,102.233879,177.001938,169.555649
2021-06-21 14:51:53.270,0.347900,0.034668,-0.934570,95.031731,176.574692,179.870590
2021-06-21 14:51:53.275,0.592041,0.056152,-0.951172,86.791985,209.472641,186.035141
2021-06-21 14:51:53.280,1.583984,-0.332764,-0.793945,33.142090,167.419418,84.228508
2021-06-21 14:51:53.285,1.920898,-0.385498,-0.554688,1.892090,56.396481,-79.101563
2021-06-21 14:51:53.290,1.156006,-0.075195,-0.358643,25.390623,54.626461,18.005371
2021-06-21 14:51:53.295,0.888184,-0.308594,-0.600586,29.174803,-7.873535,65.368652
2021-06-21 14:51:53.299,0.807617,-0.286865,-0.647949,43.945309,-46.630856,45.898434
2021-06-21 14:51:53.305,0.819580,-0.159424,-0.700684,39.062500,-33.447266,23.437498
2021-06-21 14:51:53.310,0.841309,-0.084229,-0.787354,21.362303,-3.601074,18.005371
2021-06-21 14:51:53.314,0.860107,-0.085938,-0.842041,5.981445,30.456541,22.460936
2021-06-21 14:51:53.319,0.794189,-0.303223,-1.376709,19.104004,6.042480,42.236324
2021-06-21 14:51:53.325,0.724365,-0.230225,-0.999756,163.940414,-177.917465,84.594719
2021-06-21 14:51:53.330,0.899658,-0.092285,-0.651855,198.974594,-174.255356,73.791504
2021-06-21 14:51:53.334,0.719482,-0.072510,-0.836426,107.788078,-59.326168,52.062984
2021-06-21 14:51:53.340,0.575195,-0.075195,-0.775391,71.289063,-44.189449,40.710445
2021-06-21 14:51:53.345,0.581299,-0.045166,-0.636963,50.964352,-82.580559,29.541014
2021-06-21 14:51:53.349,0.628906,-0.065430,-0.592773,0.244141,-134.399414,14.709472
2021-06-21 14:51:53.354,0.623779,-0.123535,-0.666992,-53.100582,-179.992661,10.742187
2021-06-21 14:51:53.360,0.603760,-0.145264,-0.770020,-79.345703,-210.876450,11.291503
2021-06-21 14:51:53.365,0.621338,-0.159668,-0.814209,-84.167473,-219.299301,7.507324
2021-06-21 14:51:53.369,0.595703,-0.161377,-0.763916,-89.843742,-202.636703,3.967285
2021-06-21 14:51:53.375,0.599121,-0.187744,-0.728271,-107.116692,-168.640121,-4.760742
2021-06-21 14:51:53.380,0.719238,-0.328857,-0.772461,-97.228996,-113.281242,-2.014160
2021-06-21 14:51:53.384,0.616455,-0.185059,-0.539307,-54.199215,-53.161617,6.958007
2021-06-21 14:51:53.389,0.585938,-0.141846,-0.555420,-81.970207,-46.081539,5.126953
2021-06-21 14:51:53.395,0.665527,-0.162109,-0.678711,-101.440422,-71.350098,0.122070
2021-06-21 14:51:53.400,0.711914,-0.095947,-0.641113,-80.444328,-93.688957,10.314940
2021-06-21 14:51:53.404,0.682861,0.005127,-0.571533,-109.130852,-121.765129,20.080564
2021-06-21 14:51:53.409,0.586670,-0.030273,-0.707275,-164.489731,-145.629883,29.846189
2021-06-21 14:51:53.415,0.502441,-0.052246,-0.769043,-185.302719,-164.428696,47.058102
2021-06-21 14:51:53.419,0.064697,-0.224365,-0.906006,-185.791000,-168.457016,57.678219
2021-06-21 14:51:53.424,-1.016357,-1.221680,-1.012939,-90.942375,-187.255844,-0.366211
2021-06-21 14:51:53.430,0.171143,-0.439209,-0.374512,79.162598,-293.640137,-133.972168
2021-06-21 14:51:53.435,1.198242,0.342041,-0.720703,69.763184,-374.938934,-168.029770
2021-06-21 14:51:53.439,1.008789,0.421387,-1.319336,-8.239746,-352.416962,-117.187492
2021-06-21 14:51:53.444,0.407471,0.017822,-1.467529,-39.062500,-255.371078,-74.462891
2021-06-21 14:51:53.450,0.275635,-0.023926,-1.254395,-18.249512,-162.353500,-67.993164
2021-06-21 14:51:53.455,0.417236,0.011230,-1.141846,-5.737304,-103.088371,-59.265133
2021-06-21 14:51:53.459,0.461670,0.030518,-1.095215,-7.263183,-75.622559,-46.386715
2021-06-21 14:51:53.465,0.458740,-0.012207,-1.148193,-6.958007,-52.490231,-24.047850
2021-06-21 14:51:53.470,0.410400,-0.051270,-1.075684,0.000000,-28.198240,-10.559081
2021-06-21 14:51:53.474,0.355713,-0.104004,-0.995117,-0.488281,-12.756347,-10.742187
2021-06-21 14:51:53.479,0.349121,-0.123779,-0.920898,2.319336,-10.070800,-15.014647
2021-06-21 14:51:53.485,0.367432,-0.135742,-0.892578,3.356933,-19.226074,-20.202635
2021-06-21 14:51:53.490,0.384277,-0.145996,-0.920166,2.624511,-30.822752,-24.780272
2021-06-21 14:51:53.494,0.399658,-0.127686,-0.952148,-0.915527,-36.804199,-30.273436
2021-06-21 14:51:53.500,0.435303,-0.117676,-1.009766,-6.469726,-36.010742,-35.339355
2021-06-21 14:51:53.505,0.456299,-0.110840,-1.057617,-9.521484,-29.846189,-37.475586
2021-06-21 14:51:53.509,0.457764,-0.131592,-1.116455,-13.000487,-19.897461,-40.100098
2021-06-21 14:51:53.514,0.451660,-0.140137,-1.133789,-12.268065,-7.690429,-46.264645
2021-06-21 14:51:53.520,0.458740,-0.151611,-1.105957,-13.000487,4.760742,-56.945797
2021-06-21 14:51:53.525,0.492920,-0.169434,-1.014648,-19.897461,11.047362,-72.326660
2021-06-21 14:51:53.529,0.524170,-0.186523,-0.898438,-37.475586,1.525879,-91.979973
2021-06-21 14:51:53.534,0.609619,-0.184082,-0.682617,-68.420410,-27.770994,-111.267082
2021-06-21 14:51:53.540,0.541260,-0.089355,-0.644287,-123.107903,-78.430176,-126.647942
2021-06-21 14:51:53.544,0.449219,0.024658,-0.618164,-183.715805,-133.789063,-177.001938
2021-06-21 14:51:53.549,0.350342,-0.031982,-0.856445,-277.709961,-181.640610,-235.046371
2021-06-21 14:51:53.555,0.325684,0.150146,-0.947998,-286.865234,-227.600082,-215.148911
2021-06-21 14:51:53.560,-0.133057,0.665283,-2.309326,-266.174316,-212.829575,-140.563965
2021-06-21 14:51:53.564,-0.066650,0.122314,-2.117920,-183.898911,81.359856,-1.159668
2021-06-21 14:51:53.569,0.110596,-0.548584,-0.617676,-85.327141,173.034653,-33.081055
2021-06-21 14:51:53.575,0.430908,0.033447,-0.737793,-59.082027,87.524406,-135.192871
2021-06-21 14:51:53.580,0.556641,0.182129,-0.819092,-89.050285,70.068359,-120.239250
2021-06-21 14:51:53.584,0.574707,0.118164,-1.005859,-113.891594,52.551266,-104.309074
2021-06-21 14:51:53.590,0.333740,0.173584,-1.070557,-118.225090,-6.774902,-129.821777
2021-06-21 14:51:53.595,-0.345215,0.082031,-1.233154,-125.122063,-94.543449,-155.822754
2021-06-21 14:51:53.599,0.165039,-0.090332,-1.101074,-87.158195,-111.450188,-174.438461
2021-06-21 14:51:53.604,0.556885,0.027100,-0.969727,-49.377438,-52.368160,-153.503418
2021-06-21 14:51:53.610,0.483398,0.146729,-0.833740,-47.058102,-18.005371,-120.788567
2021-06-21 14:51:53.615,0.364014,0.158936,-0.806641,-40.100098,-9.033203,-110.534660
2021-06-21 14:51:53.619,0.300293,0.132568,-0.803711,-29.541014,-6.713867,-116.821281
2021-06-21 14:51:53.625,0.230957,0.070068,-0.779785,-23.071287,-6.103515,-122.253410
2021-06-21 14:51:53.630,0.187500,0.014648,-0.803467,-14.953612,-3.723144,-115.173332
2021-06-21 14:51:53.634,0.257568,0.146729,-0.818359,5.310058,4.699707,-97.839348
2021-06-21 14:51:53.639,0.348389,0.459229,-0.817383,-1.037598,13.610839,-78.613281
2021-06-21 14:51:53.645,0.272705,0.389404,-0.938721,-30.029295,20.446775,-47.058102
2021-06-21 14:51:53.650,0.224609,0.251953,-1.014404,-31.249998,31.311033,-24.291990
2021-06-21 14:51:53.654,0.218018,0.205078,-0.995605,-21.545408,49.804684,-9.582520
2021-06-21 14:51:53.659,0.343018,0.183350,-0.972412,-18.737793,66.833496,0.427246
2021-06-21 14:51:53.665,0.563965,0.179443,-0.895752,-22.277830,69.641113,11.901855
2021-06-21 14:51:53.669,0.279053,0.086426,-0.866943,-29.296873,67.687988,17.700195
2021-06-21 14:51:53.674,0.221924,0.055176,-0.926270,-24.108885,62.438961,10.314940
2021-06-21 14:51:53.680,0.264160,0.089844,-0.890869,-19.226074,62.866207,-2.075195
2021-06-21 14:51:53.685,0.293213,0.124512,-0.873535,-17.822266,64.208984,-7.446289
2021-06-21 14:51:53.689,0.298828,0.182129,-0.855713,-19.226074,63.415524,-8.728027
2021-06-21 14:51:53.694,0.310547,0.179932,-0.900146,-22.827147,61.523434,-6.042480
2021-06-21 14:51:53.700,0.316162,0.188965,-0.888916,-21.240232,61.462399,-0.915527
2021-06-21 14:51:53.705,0.329102,0.186768,-0.917725,-25.939939,63.232418,2.807617
2021-06-21 14:51:53.709,0.320313,0.178955,-0.887695,-23.681639,62.194820,6.469726
2021-06-21 14:51:53.715,0.346191,0.205078,-0.878662,-22.705076,54.504391,8.911133
2021-06-21 14:51:53.720,0.344238,0.202881,-0.905273,-23.620604,45.532223,12.756347
2021-06-21 14:51:53.724,0.351807,0.203125,-0.916748,-21.545408,35.095215,13.610839
2021-06-21 14:51:53.729,0.362549,0.207031,-0.912109,-20.996092,26.062010,14.709472
2021-06-21 14:51:53.735,0.374512,0.193604,-0.930420,-22.705076,18.188477,12.878417
2021-06-21 14:51:53.740,0.392090,0.190430,-0.943848,-20.263670,9.826660,9.521484
2021-06-21 14:51:53.744,0.414795,0.199463,-0.972168,-16.296387,1.220703,6.347656
2021-06-21 14:51:53.750,0.419922,0.201660,-1.011230,-13.366698,-3.417969,2.807617
2021-06-21 14:51:53.755,0.396484,0.181396,-1.041016,-9.704590,-1.953125,-1.708984
2021-06-21 14:51:53.759,0.375244,0.181396,-1.045410,-4.699707,5.310058,-9.216309
2021-06-21 14:51:53.764,0.367920,0.204834,-1.021484,-0.732422,13.122558,-15.380858
2021-06-21 14:51:53.770,0.377686,0.217773,-1.007080,2.563476,17.822266,-17.150879
2021-06-21 14:51:53.775,0.387207,0.208252,-0.999268,5.798339,22.094725,-18.127441
2021-06-21 14:51:53.779,0.385498,0.203613,-0.979004,8.850098,26.611326,-21.057127
2021-06-21 14:51:53.784,0.383545,0.207520,-0.950439,11.474608,29.418943,-24.414061
2021-06-21 14:51:53.790,0.381104,0.217285,-0.945557,14.709472,31.616209,-28.747557
2021-06-21 14:51:53.794,0.374512,0.223633,-0.940918,19.958496,35.339355,-32.592773
2021-06-21 14:51:53.799,0.362793,0.236084,-0.928223,24.902342,37.719727,-33.508301
2021-06-21 14:51:53.805,0.351807,0.245605,-0.922607,30.334471,37.902832,-32.043457
2021-06-21 14:51:53.810,0.318359,0.256348,-0.841309,33.020020,38.146973,-30.761717
2021-06-21 14:51:53.814,0.458008,0.236572,-0.814697,23.742674,54.321285,-31.311033
2021-06-21 14:51:53.819,0.343994,0.292969,-0.989258,8.178711,63.842770,-29.968260
2021-06-21 14:51:53.825,0.366211,0.308594,-0.922363,13.244628,56.030270,-31.433104
2021-06-21 14:51:53.830,0.395020,0.242920,-0.908447,9.704590,61.401363,-27.465818
2021-06-21 14:51:53.834,0.371582,0.281738,-0.885986,0.793457,56.396481,-16.479492
2021-06-21 14:51:53.840,0.351563,0.309570,-0.930420,-5.859375,40.893551,-5.676269
2021-06-21 14:51:53.845,0.360107,0.303467,-0.931152,-4.150391,21.240232,6.347656
2021-06-21 14:51:53.849,0.375488,0.295898,-0.884277,-6.225585,10.314940,16.601563
2021-06-21 14:51:53.854,0.396729,0.273682,-0.896240,-16.357422,7.690429,21.911619
2021-06-21 14:51:53.860,0.392822,0.260986,-0.889648,-20.202635,9.521484,22.644041
2021-06-21 14:51:53.865,0.391357,0.251709,-0.872559,-27.954100,11.474608,17.089844
2021-06-21 14:51:53.869,0.395752,0.218262,-0.914307,-32.226563,10.925292,11.230468
2021-06-21 14:51:53.875,0.375977,0.218506,-0.871338,-23.071287,7.995605,8.605957
2021-06-21 14:51:53.880,0.362549,0.208984,-0.842529,-21.728514,3.845215,3.723144
2021-06-21 14:51:53.884,0.360107,0.202148,-0.843262,-22.155760,-0.427246,-1.892090
2021-06-21 14:51:53.889,0.355713,0.203369,-0.839111,-19.775391,-4.516602,-5.798339
2021-06-21 14:51:53.895,0.354004,0.215820,-0.851563,-17.883301,-7.202148,-7.934570
2021-06-21 14:51:53.900,0.358154,0.232910,-0.864990,-17.272949,-5.432128,-8.911133
2021-06-21 14:51:53.904,0.359619,0.234619,-0.883057,-15.808105,0.305176,-9.216309
2021-06-21 14:51:53.909,0.355469,0.237305,-0.886230,-12.939452,7.446289,-8.789063
2021-06-21 14:51:53.915,0.357422,0.240479,-0.874512,-10.681151,14.404296,-8.178711
2021-06-21 14:51:53.919,0.368896,0.236084,-0.892334,-9.765625,23.132322,-8.911133
2021-06-21 14:51:53.924,0.367188,0.229492,-0.902832,-9.033203,35.339355,-11.718749
2021-06-21 14:51:53.930,0.362793,0.223633,-0.888916,-7.873535,47.729488,-13.793944
2021-06-21 14:51:53.935,0.370361,0.224854,-0.884521,-7.995605,57.067867,-15.563964
2021-06-21 14:51:53.939,0.397705,0.248779,-0.863770,-9.277344,63.964840,-19.287109
2021-06-21 14:51:53.944,0.378174,0.303223,-0.807373,-27.832029,71.289063,-31.799314
2021-06-21 14:51:53.950,0.418457,0.229248,-0.924316,-56.152340,79.406738,-44.494625
2021-06-21 14:51:53.955,0.433105,0.284424,-0.852539,-47.851559,85.571281,-41.503902
2021-06-21 14:51:53.959,0.411621,0.287842,-0.848389,-52.551266,83.679192,-40.588375
2021-06-21 14:51:53.965,0.428711,0.298096,-0.883545,-54.687496,79.101563,-41.503902
2021-06-21 14:51:53.970,0.431396,0.301270,-0.883545,-51.391598,76.232910,-37.536621
2021-06-21 14:51:53.974,0.422363,0.290771,-0.880859,-48.706051,76.171875,-34.667969
2021-06-21 14:51:53.979,0.391602,0.281982,-0.922852,-43.029781,72.753906,-31.555174
2021-06-21 14:51:53.985,0.424316,0.303955,-0.876221,-27.832029,63.110348,-30.639647
2021-06-21 14:51:53.990,0.465576,0.306152,-0.801025,-30.578611,69.396973,-28.076170
2021-06-21 14:51:53.994,0.448730,0.292969,-0.835205,-41.503902,78.979492,-22.766111
2021-06-21 14:51:54.000,0.421387,0.279297,-0.850586,-36.804199,79.711914,-21.118162
2021-06-21 14:51:54.005,0.422607,0.301025,-0.885742,-27.893064,73.486328,-20.202635
2021-06-21 14:51:54.010,0.463623,0.309082,-0.832031,-13.610839,62.744137,-13.732909
2021-06-21 14:51:54.014,0.424561,0.282959,-0.811279,-12.329101,59.387203,-5.859375
2021-06-21 14:51:54.020,0.422363,0.283203,-0.901611,-8.972168,48.706051,-6.103515
2021-06-21 14:51:54.025,0.489014,0.328125,-0.800049,6.774902,32.531738,-1.403808
2021-06-21 14:51:54.029,0.497559,0.342773,-0.761230,-2.441406,30.029295,5.432128
2021-06-21 14:51:54.034,0.527832,0.339111,-0.817871,-18.188477,34.423828,7.202148
2021-06-21 14:51:54.040,0.494385,0.332275,-0.779053,-22.460936,42.785641,11.901855
2021-06-21 14:51:54.044,0.522949,0.294189,-0.749268,-36.071777,52.856441,15.502929
2021-06-21 14:51:54.049,0.513916,0.266357,-0.794434,-50.415035,62.011715,14.648437
2021-06-21 14:51:54.055,0.486328,0.278076,-0.846924,-53.100582,62.622066,11.169433
2021-06-21 14:51:54.060,0.520996,0.298340,-0.864258,-46.630856,64.636230,9.155273
2021-06-21 14:51:54.064,0.535645,0.343018,-0.816406,-45.227047,69.030762,11.291503
2021-06-21 14:51:54.069,0.564941,0.323730,-0.830322,-53.894039,73.974609,14.099120
2021-06-21 14:51:54.075,0.557861,0.326660,-0.811768,-57.373043,79.711914,14.099120
2021-06-21 14:51:54.080,0.572266,0.317383,-0.807129,-61.828609,80.749504,13.427733
2021-06-21 14:51:54.084,0.530762,0.325684,-0.785400,-57.678219,77.514648,14.648437
2021-06-21 14:51:54.090,0.555908,0.347656,-0.714844,-62.133785,69.519043,13.671874
2021-06-21 14:51:54.095,0.603027,0.316650,-0.794434,-74.829102,68.176270,15.991210
2021-06-21 14:51:54.099,0.566162,0.348389,-0.802734,-68.237305,65.734863,18.127441
2021-06-21 14:51:54.104,0.546387,0.367676,-0.790527,-61.950680,50.781246,15.930175
2021-06-21 14:51:54.110,0.596924,0.394043,-0.759277,-55.603024,19.775391,14.831542
2021-06-21 14:51:54.115,0.622803,0.378662,-0.698975,-54.260250,6.164550,18.493652
2021-06-21 14:51:54.119,0.233643,0.289307,-0.902100,-52.856441,-12.939452,13.671874
2021-06-21 14:51:54.125,-1.913086,0.050781,-0.916260,-5.249023,-118.225090,12.451171
2021-06-21 14:51:54.130,-0.383057,0.083984,-0.880859,28.015135,-138.549805,-30.090330
2021-06-21 14:51:54.135,3.853516,1.165283,-1.141846,-21.850584,-40.832516,-11.474608
2021-06-21 14:51:54.139,1.496582,0.810547,-0.042480,-6.652832,72.998047,53.466793
2021-06-21 14:51:54.145,0.139404,-0.059814,-0.328613,-5.126953,15.563964,94.360344
2021-06-21 14:51:54.150,0.523193,-0.034668,-0.735107,-15.075683,-72.814941,40.710445
2021-06-21 14:51:54.154,0.652832,0.256348,-0.924805,-13.427733,-70.495605,-13.916015
2021-06-21 14:51:54.159,0.616699,0.388184,-0.838135,22.644041,-46.874996,-9.338379
2021-06-21 14:51:54.165,0.579346,0.273682,-0.676025,29.846189,-44.250484,1.159668
2021-06-21 14:51:54.169,0.588867,0.273682,-0.683105,20.812986,-51.818844,-12.390136
2021-06-21 14:51:54.174,0.552246,0.321533,-0.762939,23.193357,-64.941406,-25.329588
2021-06-21 14:51:54.180,0.508545,0.362061,-0.788330,40.039063,-78.857422,-24.841307
2021-06-21 14:51:54.185,0.565186,0.402100,-0.777588,42.663570,-80.810539,-23.498533
2021-06-21 14:51:54.189,0.577393,0.389648,-0.804932,25.390623,-68.786621,-22.399900
2021-06-21 14:51:54.194,0.530518,0.323242,-0.859131,21.118162,-59.204098,-18.737793
2021-06-21 14:51:54.200,0.530518,0.330811,-0.781006,33.020020,-60.424801,-12.268065
2021-06-21 14:51:54.205,0.497559,0.326172,-0.767334,24.902342,-56.579586,-8.300781
2021-06-21 14:51:54.209,0.488770,0.320068,-0.815918,19.531250,-48.339840,-3.173828
2021-06-21 14:51:54.215,0.479736,0.363037,-0.767090,24.047850,-45.410152,5.554199
2021-06-21 14:51:54.220,0.589600,0.335938,-0.777588,11.596679,-43.640133,3.601074
2021-06-21 14:51:54.224,0.528076,0.333496,-0.836914,0.854492,-27.343748,-0.183105
2021-06-21 14:51:54.229,0.457275,0.333740,-0.824219,3.295898,-24.597166,8.972168
2021-06-21 14:51:54.235,0.441406,0.321289,-0.836426,2.014160,-25.573729,13.305663
2021-06-21 14:51:54.240,0.421143,0.324463,-0.831787,1.281738,-24.475096,14.892577
2021-06-21 14:51:54.244,0.562256,0.316406,-0.834229,1.831055,-24.414061,17.944336
2021-06-21 14:51:54.250,0.515381,0.308838,-0.806885,4.516602,-15.014647,26.245115
2021-06-21 14:51:54.255,0.454102,0.312500,-0.781738,5.554199,-19.592285,32.836914
2021-06-21 14:51:54.259,0.419189,0.329590,-0.806152,6.530761,-32.653809,49.499508
2021-06-21 14:51:54.264,0.522461,0.229980,-0.855713,5.371093,-32.043457,35.278320
2021-06-21 14:51:54.270,0.497559,0.335938,-0.800049,7.995605,-23.193357,27.832029
2021-06-21 14:51:54.275,0.418213,0.328125,-0.820313,5.493164,-32.653809,42.663570
2021-06-21 14:51:54.279,0.317383,0.276611,-0.837646,2.563476,-39.733887,43.457027
2021-06-21 14:51:54.284,0.285889,0.277588,-0.856201,-4.211426,-35.522461,20.019531
2021-06-21 14:51:54.290,0.790039,0.346191,-0.933350,-11.047362,-16.784668,5.981445
2021-06-21 14:51:54.294,0.626709,0.341797,-0.793945,-4.455566,0.793457,16.479492
2021-06-21 14:51:54.299,0.475586,0.266846,-0.722412,2.502441,-15.624999,21.728514
2021-06-21 14:51:54.305,0.492188,0.267822,-0.820801,-6.408691,-19.409180,13.244628
2021-06-21 14:51:54.310,0.490234,0.304199,-0.854980,-6.591796,-15.991210,6.530761
2021-06-21 14:51:54.314,0.467529,0.298828,-0.836182,-0.976562,-15.808105,6.713867
2021-06-21 14:51:54.319,0.484863,0.291992,-0.845215,-2.624511,-11.535644,4.821777
2021-06-21 14:51:54.325,0.482422,0.302734,-0.848633,-2.319336,-7.934570,2.502441
2021-06-21 14:51:54.330,0.474854,0.309082,-0.855713,-0.549316,-5.371093,1.220703
2021-06-21 14:51:54.334,0.479492,0.319824,-0.851318,0.610352,-2.441406,0.854492
2021-06-21 14:51:54.340,0.483887,0.324219,-0.838135,0.122070,-0.183105,1.037598
2021-06-21 14:51:54.345,0.485352,0.321533,-0.831055,-1.403808,0.732422,1.037598
2021-06-21 14:51:54.349,0.470947,0.290039,-0.883789,-2.136230,0.305176,0.732422
2021-06-21 14:51:54.354,0.427246,0.285889,-0.890869,14.465331,-2.075195,-1.159668
2021-06-21 14:51:54.360,0.464355,0.337402,-0.785400,16.113281,-4.455566,-4.028320
2021-06-21 14:51:54.365,0.514160,0.324951,-0.819092,-0.854492,-5.126953,-2.258301
2021-06-21 14:51:54.369,0.480957,0.294189,-0.829346,-4.699707,-5.859375,-0.732422
2021-06-21 14:51:54.375,0.483398,0.285889,-0.822754,-2.319336,-7.934570,-2.685547
2021-06-21 14:51:54.380,0.493896,0.299805,-0.824951,-3.479004,-8.483887,-4.638672
2021-06-21 14:51:54.384,0.471191,0.297852,-0.835938,-5.065917,-8.850098,-4.638672
2021-06-21 14:51:54.389,0.474365,0.291504,-0.843750,-6.164550,-10.070800,-5.065917
2021-06-21 14:51:54.395,0.488525,0.296875,-0.856201,-7.751464,-9.033203,-5.859375
2021-06-21 14:51:54.400,0.487549,0.297852,-0.855957,-7.385253,-6.286621,-6.652832
2021-06-21 14:51:54.404,0.491699,0.297119,-0.844482,-6.347656,-4.516602,-7.690429
2021-06-21 14:51:54.409,0.494141,0.302246,-0.833740,-6.164550,-3.479004,-8.361816
2021-06-21 14:51:54.415,0.493408,0.296143,-0.838135,-5.676269,-3.112793,-8.300781
2021-06-21 14:51:54.419,0.487061,0.293457,-0.832764,-4.516602,-2.807617,-8.239746
2021-06-21 14:51:54.424,0.484131,0.293945,-0.832520,-5.432128,-1.525879,-7.873535
2021-06-21 14:51:54.430,0.491699,0.292480,-0.838379,-6.835937,-0.183105,-6.958007
2021-06-21 14:51:54.435,0.495361,0.294678,-0.844727,-6.591796,1.647949,-5.493164
2021-06-21 14:51:54.439,0.492432,0.298096,-0.842285,-5.249023,3.417969,-3.845215
2021-06-21 14:51:54.444,0.488770,0.300049,-0.832031,-3.784179,4.516602,-2.136230
2021-06-21 14:51:54.450,0.483154,0.299805,-0.828613,-3.051758,5.004883,-0.732422
2021-06-21 14:51:54.455,0.480713,0.298828,-0.827148,-2.197266,4.760742,0.488281
2021-06-21 14:51:54.459,0.481934,0.297607,-0.826660,-0.976562,4.211426,1.220703
2021-06-21 14:51:54.465,0.479736,0.301025,-0.822754,-0.183105,3.540039,1.831055
2021-06-21 14:51:54.470,0.480225,0.300781,-0.823730,0.183105,3.112793,1.953125
2021-06-21 14:51:54.474,0.479004,0.303467,-0.820313,0.549316,2.990722,2.197266
2021-06-21 14:51:54.479,0.478027,0.302734,-0.818115,0.915527,2.502441,2.502441
2021-06-21 14:51:54.485,0.478760,0.304199,-0.818604,1.586914,1.770019,2.563476
2021-06-21 14:51:54.490,0.477539,0.305420,-0.817627,2.014160,0.793457,2.380371
2021-06-21 14:51:54.494,0.481445,0.309570,-0.817139,2.075195,-0.549316,2.014160
2021-06-21 14:51:54.500,0.483154,0.313721,-0.816650,2.075195,-2.075195,1.525879
2021-06-21 14:51:54.504,0.477539,0.315674,-0.817139,2.319336,-4.272461,0.976562
2021-06-21 14:51:54.509,0.474365,0.312012,-0.816650,2.929687,-7.202148,0.427246
2021-06-21 14:51:54.514,0.471191,0.305664,-0.820068,4.150391,-10.864257,0.000000
2021-06-21 14:51:54.519,0.471924,0.302979,-0.823730,5.554199,-13.854980,-0.610352
2021-06-21 14:51:54.524,0.468750,0.300049,-0.827393,6.347656,-15.502929,-1.098633
2021-06-21 14:51:54.529,0.463135,0.298340,-0.833252,7.263183,-16.418457,-1.708984
2021-06-21 14:51:54.534,0.470459,0.295166,-0.847168,8.666992,-15.808105,-2.258301
2021-06-21 14:51:54.539,0.482910,0.296875,-0.870361,9.765625,-12.939452,-2.563476
2021-06-21 14:51:54.543,0.464111,0.296387,-0.865723,9.277344,-7.873535,-3.112793
2021-06-21 14:51:54.548,0.467773,0.304688,-0.860840,7.446289,-4.028320,-4.516602
2021-06-21 14:51:54.553,0.483643,0.309570,-0.868896,5.249023,-0.305176,-4.943848
2021-06-21 14:51:54.558,0.482178,0.313721,-0.877686,4.272461,3.845215,-5.004883
2021-06-21 14:51:54.563,0.490234,0.319336,-0.882568,3.601074,7.446289,-5.493164
2021-06-21 14:51:54.568,0.502686,0.330322,-0.890137,3.234863,10.009766,-5.554199
2021-06-21 14:51:54.573,0.512695,0.335938,-0.907959,2.868652,12.268065,-5.493164
2021-06-21 14:51:54.577,0.526855,0.346924,-0.929199,2.990722,14.953612,-5.065917
2021-06-21 14:51:54.582,0.536377,0.362549,-0.938477,4.516602,19.042969,-3.845215
2021-06-21 14:51:54.587,0.527344,0.369873,-0.902588,6.896972,23.315428,-2.380371
2021-06-21 14:51:54.592,0.521240,0.356445,-0.868408,9.460449,25.024412,-1.159668
2021-06-21 14:51:54.597,0.508789,0.341797,-0.837891,10.681151,24.291990,-0.427246
2021-06-21 14:51:54.602,0.487549,0.324951,-0.810303,10.742187,21.606443,-0.732422
2021-06-21 14:51:54.607,0.485352,0.316406,-0.798096,11.596679,16.845703,-1.342773
2021-06-21 14:51:54.612,0.509521,0.322754,-0.807617,14.587401,10.192870,-1.037598
2021-06-21 14:51:54.617,0.494873,0.334473,-0.815186,19.592285,3.234863,1.037598
2021-06-21 14:51:54.621,0.497314,0.357178,-0.800537,26.611326,-1.525879,3.295898
2021-06-21 14:51:54.626,0.517090,0.370850,-0.798828,34.118652,-6.164550,8.361816
2021-06-21 14:51:54.631,0.239014,0.193604,-0.507080,31.616209,-10.925292,19.653320
2021-06-21 14:51:54.636,0.182861,-0.141113,-0.611328,-59.814449,-7.141113,-0.305176
2021-06-21 14:51:54.641,0.530029,0.276611,-1.051758,-77.697754,-7.324218,-26.550291
2021-06-21 14:51:54.646,0.545410,0.443848,-0.945557,-31.677244,-1.037598,-18.493652
2021-06-21 14:51:54.651,0.538086,0.366455,-0.833984,-4.150391,4.516602,-7.202148
2021-06-21 14:51:54.655,0.494873,0.283447,-0.825439,1.281738,5.798339,-3.173828
2021-06-21 14:51:54.660,0.463135,0.242920,-0.818359,-2.380371,6.896972,-5.615234
2021-06-21 14:51:54.665,0.452881,0.272705,-0.801025,-5.798339,5.615234,-9.765625
2021-06-21 14:51:54.670,0.441406,0.307129,-0.794434,-6.469726,2.990722,-12.145995
2021-06-21 14:51:54.675,0.463135,0.323242,-0.799561,-5.615234,1.159668,-12.390136
2021-06-21 14:51:54.680,0.474121,0.328125,-0.803223,-3.845215,0.183105,-10.681151
2021-06-21 14:51:54.685,0.476563,0.318359,-0.807373,-1.281738,-0.976562,-8.972168
2021-06-21 14:51:54.690,0.469238,0.310059,-0.800781,1.098633,-2.502441,-8.300781
2021-06-21 14:51:54.694,0.451904,0.299561,-0.792969,0.854492,-3.967285,-8.117676
2021-06-21 14:51:54.700,0.448730,0.302490,-0.807129,-1.464844,-4.089355,-7.324218
2021-06-21 14:51:54.705,0.458252,0.308838,-0.844727,-2.502441,-2.502441,-6.530761
2021-06-21 14:51:54.709,0.473145,0.312988,-0.873535,-1.403808,1.098633,-5.249023
2021-06-21 14:51:54.715,0.477295,0.318604,-0.867432,-0.183105,5.737304,-4.089355
2021-06-21 14:51:54.720,0.473389,0.317627,-0.852783,-1.220703,9.399414,-3.234863
2021-06-21 14:51:54.724,0.468262,0.322266,-0.829346,-3.723144,11.596679,-2.563476
2021-06-21 14:51:54.729,0.454590,0.319092,-0.805908,-5.615234,12.512206,-1.770019
2021-06-21 14:51:54.735,0.442383,0.321533,-0.778564,-6.652832,11.657714,-0.732422
2021-06-21 14:51:54.740,0.440430,0.320801,-0.750977,-8.056641,8.422852,0.366211
2021-06-21 14:51:54.744,0.441895,0.306885,-0.743652,-9.643555,3.723144,0.854492
2021-06-21 14:51:54.750,0.439697,0.289551,-0.739990,-11.596679,-2.014160,0.671387
2021-06-21 14:51:54.755,0.441406,0.284668,-0.753906,-13.427733,-9.094238,0.061035
2021-06-21 14:51:54.759,0.451172,0.292480,-0.756836,-13.610839,-16.662598,-0.488281
2021-06-21 14:51:54.764,0.457031,0.305420,-0.779541,-13.916015,-22.460936,-0.366211
2021-06-21 14:51:54.770,0.461426,0.310059,-0.813477,-13.977050,-25.756834,0.244141
2021-06-21 14:51:54.775,0.459473,0.316162,-0.828125,-13.000487,-26.550291,0.061035
2021-06-21 14:51:54.779,0.485596,0.335693,-0.837158,-16.113281,-25.390623,-1.342773
2021-06-21 14:51:54.784,0.427002,0.302734,-0.781006,-20.324705,-23.986814,-1.342773
2021-06-21 14:51:54.790,0.361816,0.253418,-0.673828,-30.456541,-26.306150,-6.286621
2021-06-21 14:51:54.794,0.473145,0.378418,-0.807129,-28.564451,-36.743164,-8.911133
2021-06-21 14:51:54.799,0.506836,0.385010,-0.855713,-11.230468,-43.334957,-1.586914
2021-06-21 14:51:54.805,0.476318,0.332275,-0.945801,-10.314940,-37.536621,2.014160
2021-06-21 14:51:54.810,0.460938,0.354736,-0.945313,-8.056641,-25.207518,1.098633
2021-06-21 14:51:54.814,0.468750,0.373291,-0.899658,-3.906250,-16.479492,2.563476
2021-06-21 14:51:54.819,0.481445,0.366455,-0.883057,-1.708984,-12.695312,5.187988
2021-06-21 14:51:54.825,0.481445,0.355225,-0.857910,0.305176,-10.681151,6.591796
2021-06-21 14:51:54.830,0.466797,0.348877,-0.858398,0.427246,-10.253905,6.713867
2021-06-21 14:51:54.834,0.457520,0.349365,-0.878662,0.122070,-8.850098,6.286621
2021-06-21 14:51:54.840,0.465088,0.351318,-0.879883,0.976562,-5.615234,5.981445
2021-06-21 14:51:54.845,0.469238,0.349609,-0.872070,2.014160,-2.807617,6.225585
2021-06-21 14:51:54.849,0.467041,0.343994,-0.849365,2.441406,-1.281738,6.530761
2021-06-21 14:51:54.854,0.462158,0.340088,-0.837402,1.892090,-0.488281,6.469726
2021-06-21 14:51:54.860,0.464355,0.342285,-0.844238,0.976562,0.000000,5.920410
2021-06-21 14:51:54.865,0.470703,0.341797,-0.849121,0.732422,0.854492,5.310058
2021-06-21 14:51:54.869,0.472412,0.340088,-0.847656,1.220703,2.075195,4.638672
2021-06-21 14:51:54.875,0.478027,0.340332,-0.841064,1.586914,3.173828,3.662109
2021-06-21 14:51:54.880,0.480225,0.335938,-0.833252,1.464844,4.028320,2.807617
2021-06-21 14:51:54.884,0.479004,0.332031,-0.828125,1.098633,4.455566,1.770019
2021-06-21 14:51:54.889,0.478516,0.328125,-0.830078,0.915527,4.943848,0.549316
2021-06-21 14:51:54.895,0.481445,0.330322,-0.836670,1.098633,5.615234,-0.732422
2021-06-21 14:51:54.900,0.484375,0.327637,-0.830078,1.770019,6.408691,-1.708984
2021-06-21 14:51:54.904,0.485352,0.328125,-0.829346,2.136230,7.385253,-2.319336
2021-06-21 14:51:54.909,0.483398,0.324951,-0.825439,2.319336,7.995605,-2.929687
2021-06-21 14:51:54.915,0.479736,0.326904,-0.822021,2.746582,8.300781,-3.295898
2021-06-21 14:51:54.919,0.473877,0.326904,-0.813477,2.746582,8.178711,-3.662109
2021-06-21 14:51:54.924,0.470215,0.323242,-0.809082,2.197266,7.812500,-4.089355
2021-06-21 14:51:54.930,0.472656,0.323975,-0.812988,1.037598,6.958007,-4.577637
2021-06-21 14:51:54.935,0.474609,0.323975,-0.818604,0.061035,5.920410,-4.882813
2021-06-21 14:51:54.939,0.476074,0.324219,-0.822021,-0.122070,4.882813,-5.187988
2021-06-21 14:51:54.944,0.480225,0.325928,-0.819824,0.000000,3.723144,-5.432128
2021-06-21 14:51:54.950,0.477539,0.326660,-0.816650,-0.488281,2.685547,-5.615234
2021-06-21 14:51:54.955,0.475342,0.325684,-0.820313,-0.915527,1.708984,-5.798339
2021-06-21 14:51:54.959,0.471680,0.328613,-0.825195,-0.732422,0.793457,-5.859375
2021-06-21 14:51:54.965,0.470215,0.324707,-0.825439,0.122070,0.061035,-5.310058
2021-06-21 14:51:54.970,0.465576,0.324463,-0.829590,1.220703,-0.244141,-4.882813
2021-06-21 14:51:54.974,0.466797,0.327393,-0.829102,2.197266,-0.488281,-4.272461
2021-06-21 14:51:54.979,0.468262,0.325195,-0.825684,2.624511,-0.793457,-3.540039
2021-06-21 14:51:54.985,0.463867,0.327393,-0.825195,3.295898,-1.281738,-2.929687
2021-06-21 14:51:54.990,0.461914,0.320801,-0.825439,3.173828,-1.464844,-2.319336
2021-06-21 14:51:54.994,0.455322,0.314453,-0.827393,3.356933,-1.159668,-1.525879
2021-06-21 14:51:55.000,0.452148,0.313232,-0.830322,3.723144,-0.671387,-1.159668
2021-06-21 14:51:55.005,0.451660,0.309814,-0.829346,3.723144,-0.244141,-0.976562
2021-06-21 14:51:55.009,0.450439,0.313965,-0.829346,3.784179,0.122070,-0.305176
2021-06-21 14:51:55.014,0.449951,0.310547,-0.831055,4.394531,0.366211,0.122070
2021-06-21 14:51:55.020,0.448486,0.308594,-0.824463,5.004883,0.671387,0.610352
2021-06-21 14:51:55.025,0.439941,0.307861,-0.824463,5.798339,1.037598,1.037598
2021-06-21 14:51:55.029,0.439697,0.312744,-0.828857,6.591796,1.708984,1.708984
2021-06-21 14:51:55.034,0.425781,0.309082,-0.836670,7.568359,2.990722,2.868652
2021-06-21 14:51:55.040,0.428467,0.307373,-0.833740,9.582520,4.394531,3.601074
2021-06-21 14:51:55.044,0.431641,0.314941,-0.825195,9.460449,5.126953,4.760742
2021-06-21 14:51:55.049,0.423096,0.306396,-0.825928,7.995605,5.371093,5.920410
2021-06-21 14:51:55.055,0.431152,0.305420,-0.822510,8.300781,5.554199,6.286621
2021-06-21 14:51:55.060,0.425781,0.306396,-0.824463,8.483887,6.042480,6.713867
2021-06-21 14:51:55.064,0.434082,0.305664,-0.824951,8.483887,6.286621,6.835937
2021-06-21 14:51:55.069,0.436035,0.310303,-0.822998,7.507324,6.652832,7.141113
2021-06-21 14:51:55.075,0.432617,0.308350,-0.818848,6.713867,7.080078,7.324218
2021-06-21 14:51:55.080,0.436523,0.308105,-0.816406,6.042480,7.568359,6.774902
2021-06-21 14:51:55.084,0.436279,0.308105,-0.818604,5.126953,8.422852,6.591796
2021-06-21 14:51:55.090,0.439453,0.308105,-0.816162,4.089355,9.643555,6.774902
2021-06-21 14:51:55.095,0.444092,0.305908,-0.810303,2.990722,10.742187,7.568359
2021-06-21 14:51:55.099,0.445801,0.306885,-0.807373,1.770019,11.413573,8.728027
2021-06-21 14:51:55.104,0.453369,0.308838,-0.813965,0.793457,11.474608,9.704590
2021-06-21 14:51:55.110,0.460693,0.303467,-0.822510,0.671387,11.779784,10.437011
2021-06-21 14:51:55.115,0.463135,0.301514,-0.815674,1.220703,12.451171,10.864257
2021-06-21 14:51:55.119,0.465332,0.294189,-0.806885,0.915527,12.207030,10.742187
2021-06-21 14:51:55.125,0.466309,0.286621,-0.813477,0.671387,11.047362,9.521484
2021-06-21 14:51:55.130,0.472412,0.290527,-0.799561,1.342773,9.277344,7.385253
2021-06-21 14:51:55.134,0.482178,0.292725,-0.797119,0.000000,6.286621,4.821777
2021-06-21 14:51:55.139,0.491699,0.299805,-0.801025,-2.319336,3.295898,2.685547
2021-06-21 14:51:55.145,0.496582,0.308594,-0.812500,-3.967285,0.549316,0.915527
2021-06-21 14:51:55.150,0.495605,0.310303,-0.825195,-4.699707,-1.708984,-0.488281
2021-06-21 14:51:55.154,0.498291,0.312256,-0.834961,-4.821777,-3.662109,-1.953125
2021-06-21 14:51:55.159,0.500488,0.315186,-0.844238,-4.821777,-5.249023,-3.295898
2021-06-21 14:51:55.165,0.508545,0.321289,-0.844238,-5.187988,-6.835937,-4.150391
2021-06-21 14:51:55.169,0.513428,0.325195,-0.844971,-6.347656,-8.666992,-4.821777
2021-06-21 14:51:55.174,0.521729,0.326416,-0.847656,-8.056641,-10.681151,-5.554199
2021-06-21 14:51:55.180,0.525879,0.329346,-0.854980,-9.643555,-12.939452,-5.920410
2021-06-21 14:51:55.185,0.525635,0.334229,-0.860840,-10.498046,-14.770507,-5.981445
2021-06-21 14:51:55.189,0.524414,0.335205,-0.859863,-10.375976,-15.991210,-5.981445
2021-06-21 14:51:55.194,0.520020,0.334473,-0.853760,-9.765625,-16.784668,-6.103515
2021-06-21 14:51:55.200,0.516602,0.336670,-0.847412,-9.521484,-17.272949,-5.676269
2021-06-21 14:51:55.205,0.517822,0.337402,-0.841309,-9.765625,-17.456055,-5.310058
2021-06-21 14:51:55.209,0.513672,0.334961,-0.835693,-10.131835,-17.211914,-4.638672
2021-06-21 14:51:55.215,0.510010,0.338379,-0.829834,-10.314940,-16.479492,-3.906250
2021-06-21 14:51:55.220,0.508301,0.340576,-0.827393,-10.192870,-15.319823,-2.746582
2021-06-21 14:51:55.224,0.508789,0.336670,-0.825195,-9.338379,-13.977050,-1.647949
2021-06-21 14:51:55.229,0.512939,0.333252,-0.816162,-9.155273,-12.512206,-0.427246
2021-06-21 14:51:55.235,0.514404,0.331543,-0.810547,-9.521484,-11.230468,0.671387
2021-06-21 14:51:55.240,0.508789,0.327637,-0.808350,-9.460449,-10.070800,1.708984
2021-06-21 14:51:55.244,0.504395,0.321777,-0.802979,-9.155273,-8.789063,2.441406
2021-06-21 14:51:55.250,0.507324,0.316650,-0.795898,-8.911133,-7.995605,2.990722
2021-06-21 14:51:55.255,0.510742,0.315674,-0.795166,-9.643555,-7.995605,3.417969
2021-06-21 14:51:55.259,0.511475,0.321777,-0.792480,-9.826660,-8.178711,4.028320
2021-06-21 14:51:55.264,0.513428,0.315186,-0.785156,-9.582520,-8.178711,4.699707
2021-06-21 14:51:55.270,0.511475,0.309570,-0.779297,-9.582520,-8.178711,5.126953
2021-06-21 14:51:55.275,0.510254,0.305176,-0.781250,-9.765625,-8.056641,5.371093
2021-06-21 14:51:55.279,0.503418,0.302002,-0.784424,-9.277344,-7.995605,6.042480
2021-06-21 14:51:55.284,0.492920,0.302002,-0.780029,-8.850098,-7.995605,7.568359
2021-06-21 14:51:55.290,0.488281,0.301758,-0.768311,-9.094238,-8.239746,8.422852
2021-06-21 14:51:55.294,0.492432,0.300537,-0.761963,-9.094238,-8.605957,8.544922
2021-06-21 14:51:55.299,0.496338,0.300049,-0.763428,-9.643555,-9.582520,8.666992
2021-06-21 14:51:55.305,0.494141,0.296631,-0.775635,-10.742187,-10.864257,8.850098
2021-06-21 14:51:55.310,0.491943,0.293457,-0.794189,-11.291503,-11.657714,9.460449
2021-06-21 14:51:55.314,0.495850,0.289795,-0.804443,-10.803222,-12.145995,9.887695
2021-06-21 14:51:55.319,0.501709,0.290283,-0.810303,-10.375976,-12.207030,10.375976
2021-06-21 14:51:55.325,0.507080,0.291748,-0.818848,-10.375976,-12.390136,11.047362
2021-06-21 14:51:55.330,0.509033,0.291016,-0.822021,-10.620116,-12.207030,11.657714
2021-06-21 14:51:55.334,0.512695,0.293701,-0.834229,-10.253905,-11.718749,12.268065
2021-06-21 14:51:55.340,0.516602,0.294434,-0.842041,-10.314940,-10.620116,13.000487
2021-06-21 14:51:55.345,0.513672,0.288818,-0.843994,-10.192870,-9.643555,13.488769
2021-06-21 14:51:55.349,0.506592,0.283447,-0.844238,-10.375976,-8.544922,13.671874
2021-06-21 14:51:55.354,0.512695,0.281006,-0.858398,-10.192870,-7.446289,13.916015
2021-06-21 14:51:55.360,0.517822,0.273682,-0.892090,-6.652832,-5.615234,15.319823
2021-06-21 14:51:55.365,0.494629,0.290039,-0.866211,-1.708984,-2.624511,14.648437
2021-06-21 14:51:55.369,0.526611,0.285156,-0.856201,-3.662109,-1.892090,13.671874
2021-06-21 14:51:55.375,0.536865,0.288574,-0.876709,-8.117676,-2.258301,15.319823
2021-06-21 14:51:55.380,0.528076,0.288086,-0.888672,-10.620116,-2.868652,15.319823
2021-06-21 14:51:55.384,0.529541,0.288086,-0.906494,-10.803222,-2.685547,14.282226
2021-06-21 14:51:55.389,0.523438,0.288574,-0.921387,-10.559081,-1.770019,14.160155
2021-06-21 14:51:55.395,0.521240,0.286377,-0.941162,-8.239746,-1.098633,14.343261
2021-06-21 14:51:55.400,0.521729,0.291016,-0.936768,-4.394531,-0.305176,14.404296
2021-06-21 14:51:55.404,0.533203,0.298584,-0.929932,-4.150391,0.000000,14.770507
2021-06-21 14:51:55.409,0.540527,0.293945,-0.933350,-6.225585,-0.549316,15.747069
2021-06-21 14:51:55.415,0.544922,0.293213,-0.942383,-7.751464,-0.854492,17.333984
2021-06-21 14:51:55.419,0.539795,0.294678,-0.942627,-8.178711,-0.427246,18.493652
2021-06-21 14:51:55.424,0.532715,0.292969,-0.937744,-7.873535,0.610352,19.653320
2021-06-21 14:51:55.430,0.527344,0.283691,-0.919922,-6.896972,1.220703,20.507811
2021-06-21 14:51:55.435,0.522949,0.280762,-0.904785,-6.591796,1.403808,21.423338
2021-06-21 14:51:55.439,0.522217,0.271729,-0.900391,-6.408691,1.831055,22.399900
2021-06-21 14:51:55.444,0.489990,0.259521,-0.883545,-4.577637,1.892090,23.254393
2021-06-21 14:51:55.450,0.487549,0.262939,-0.842285,-4.089355,2.990722,22.949217
2021-06-21 14:51:55.455,0.499268,0.254883,-0.838379,-7.690429,3.173828,23.071287
2021-06-21 14:51:55.459,0.487305,0.247314,-0.840088,-9.765625,2.258301,24.108885
2021-06-21 14:51:55.465,0.485107,0.250488,-0.844238,-9.887695,2.075195,24.108885
2021-06-21 14:51:55.470,0.484375,0.253662,-0.842041,-9.277344,2.258301,24.108885
2021-06-21 14:51:55.474,0.484131,0.258545,-0.827148,-8.911133,2.319336,24.475096
2021-06-21 14:51:55.479,0.479004,0.257324,-0.822510,-9.460449,2.380371,24.902342
2021-06-21 14:51:55.485,0.478516,0.260254,-0.820313,-10.070800,2.075195,24.963377
2021-06-21 14:51:55.490,0.480713,0.264404,-0.811523,-10.559081,1.281738,24.963377
2021-06-21 14:51:55.494,0.479980,0.265869,-0.801514,-10.620116,-0.061035,24.658201
2021-06-21 14:51:55.500,0.475586,0.269287,-0.793945,-10.375976,-1.525879,24.475096
2021-06-21 14:51:55.505,0.465332,0.265869,-0.781982,-10.314940,-3.540039,24.291990
2021-06-21 14:51:55.510,0.456299,0.264648,-0.767334,-10.253905,-6.347656,23.925779
2021-06-21 14:51:55.514,0.447266,0.267090,-0.756836,-9.948730,-9.399414,23.742674
2021-06-21 14:51:55.520,0.439453,0.268311,-0.751221,-9.826660,-12.756347,24.047850
2021-06-21 14:51:55.525,0.430420,0.269043,-0.738770,-9.582520,-16.845703,24.414061
2021-06-21 14:51:55.529,0.423584,0.270996,-0.726318,-10.009766,-21.179197,24.475096
2021-06-21 14:51:55.534,0.412109,0.271973,-0.728516,-10.192870,-25.817869,24.719236
2021-06-21 14:51:55.540,0.411133,0.274658,-0.736572,-9.765625,-30.944822,25.207518
2021-06-21 14:51:55.544,0.404785,0.281006,-0.728271,-8.911133,-36.254883,25.634764
2021-06-21 14:51:55.549,0.405518,0.290527,-0.729248,-9.277344,-41.564938,25.512693
2021-06-21 14:51:55.555,0.403809,0.294434,-0.740479,-9.155273,-46.630856,25.207518
2021-06-21 14:51:55.560,0.397949,0.303223,-0.742188,-7.995605,-50.720211,24.230955
2021-06-21 14:51:55.564,0.397705,0.315674,-0.752197,-8.178711,-53.955074,21.972654
2021-06-21 14:51:55.569,0.403076,0.324951,-0.774658,-8.972168,-57.128902,20.263670
2021-06-21 14:51:55.575,0.399658,0.335693,-0.788330,-9.643555,-59.448238,18.920898
2021-06-21 14:51:55.580,0.389160,0.346924,-0.801270,-10.803222,-60.485836,17.456055
2021-06-21 14:51:55.584,0.390625,0.356934,-0.822754,-12.390136,-60.058590,15.014647
2021-06-21 14:51:55.590,0.398193,0.369629,-0.855957,-12.573241,-58.593746,12.390136
2021-06-21 14:51:55.595,0.391602,0.366455,-0.882568,-10.986327,-56.213375,10.559081
2021-06-21 14:51:55.599,0.366455,0.342773,-0.925537,-4.943848,-55.541988,10.375976
2021-06-21 14:51:55.604,0.384521,0.423584,-0.876465,-0.549316,-55.053707,8.850098
2021-06-21 14:51:55.610,0.398926,0.425781,-0.913574,-7.019042,-53.222652,8.239746
2021-06-21 14:51:55.615,0.393799,0.416992,-0.938721,-8.178711,-51.696774,8.544922
2021-06-21 14:51:55.619,0.385254,0.423096,-0.924072,-8.239746,-48.767086,7.385253
2021-06-21 14:51:55.625,0.349365,0.424072,-0.920166,-10.681151,-46.081539,6.835937
2021-06-21 14:51:55.630,0.362793,0.430420,-0.929443,-14.282226,-43.518063,6.713867
2021-06-21 14:51:55.634,0.395752,0.441406,-0.936035,-17.272949,-39.367676,6.347656
2021-06-21 14:51:55.639,0.389893,0.436035,-0.936035,-18.066406,-35.461426,6.469726
2021-06-21 14:51:55.645,0.374023,0.435547,-0.931396,-18.310547,-33.691406,6.225585
2021-06-21 14:51:55.650,0.358887,0.436523,-0.920898,-18.676758,-32.470703,5.859375
2021-06-21 14:51:55.654,0.351074,0.438721,-0.904053,-19.958496,-30.883787,5.126953
2021-06-21 14:51:55.659,0.344727,0.441895,-0.897949,-21.301268,-28.686522,3.967285
2021-06-21 14:51:55.665,0.344482,0.441650,-0.890137,-22.460936,-25.878904,2.990722
2021-06-21 14:51:55.669,0.339355,0.440918,-0.885986,-23.254393,-22.399900,1.831055
2021-06-21 14:51:55.674,0.330566,0.433594,-0.874756,-23.559568,-18.615723,0.488281
2021-06-21 14:51:55.680,0.325684,0.436523,-0.868896,-24.230955,-14.221190,-0.976562
2021-06-21 14:51:55.685,0.326172,0.438965,-0.855957,-23.071287,-10.131835,-1.647949
2021-06-21 14:51:55.689,0.333008,0.434326,-0.847656,-23.071287,-6.530761,-1.586914
2021-06-21 14:51:55.694,0.326416,0.428467,-0.842285,-24.108885,-2.319336,-1.281738
2021-06-21 14:51:55.700,0.316406,0.418213,-0.841797,-23.864744,1.831055,-0.610352
2021-06-21 14:51:55.705,0.312988,0.419678,-0.833984,-22.094725,5.187988,0.305176
2021-06-21 14:51:55.709,0.318359,0.432129,-0.829834,-21.179197,7.629394,1.586914
2021-06-21 14:51:55.715,0.324707,0.436279,-0.825439,-20.507811,9.643555,3.906250
2021-06-21 14:51:55.720,0.327148,0.435303,-0.831055,-19.836426,11.047362,6.103515
2021-06-21 14:51:55.724,0.322266,0.432861,-0.834961,-18.554688,11.718749,7.690429
2021-06-21 14:51:55.729,0.327881,0.439209,-0.825195,-17.028809,11.718749,8.605957
2021-06-21 14:51:55.735,0.333496,0.444580,-0.819092,-15.930175,10.864257,9.338379
2021-06-21 14:51:55.740,0.333740,0.443115,-0.826904,-15.441894,9.033203,9.521484
2021-06-21 14:51:55.744,0.336426,0.446777,-0.815186,-15.014647,7.263183,9.277344
2021-06-21 14:51:55.750,0.335693,0.450928,-0.810791,-15.563964,5.554199,8.605957
2021-06-21 14:51:55.755,0.325439,0.438477,-0.818359,-14.953612,3.479004,7.873535
2021-06-21 14:51:55.759,0.319824,0.442871,-0.809814,-13.000487,1.953125,7.080078
2021-06-21 14:51:55.764,0.316406,0.446289,-0.814453,-12.939452,0.549316,7.263183
2021-06-21 14:51:55.770,0.308838,0.437744,-0.821045,-12.268065,-0.366211,7.812500
2021-06-21 14:51:55.775,0.312500,0.440918,-0.825195,-10.925292,-0.244141,8.666992
2021-06-21 14:51:55.779,0.319336,0.446533,-0.832031,-10.253905,0.000000,10.864257
2021-06-21 14:51:55.784,0.323730,0.455322,-0.851807,-10.559081,0.732422,13.732909
2021-06-21 14:51:55.790,0.334473,0.462402,-0.864014,-10.314940,1.770019,16.906738
2021-06-21 14:51:55.794,0.342773,0.463379,-0.863037,-9.277344,2.929687,20.263670
2021-06-21 14:51:55.799,0.348877,0.466797,-0.860840,-8.605957,3.417969,23.193357
2021-06-21 14:51:55.805,0.356934,0.472412,-0.861328,-9.277344,3.662109,24.902342
2021-06-21 14:51:55.810,0.362061,0.474121,-0.870605,-9.643555,3.723144,25.451658
2021-06-21 14:51:55.814,0.360352,0.469727,-0.865967,-9.216309,3.967285,24.414061
2021-06-21 14:51:55.819,0.357422,0.463379,-0.854004,-9.765625,3.601074,22.277830
2021-06-21 14:51:55.825,0.360352,0.463379,-0.854004,-10.620116,2.563476,19.104004
2021-06-21 14:51:55.830,0.372070,0.475586,-0.856201,-10.253905,2.380371,14.892577
2021-06-21 14:51:55.834,0.368652,0.485596,-0.856689,-11.230468,3.051758,10.742187
2021-06-21 14:51:55.840,0.356689,0.480713,-0.853516,-12.390136,3.601074,6.896972
2021-06-21 14:51:55.845,0.344727,0.470459,-0.851074,-12.756347,3.662109,3.173828
2021-06-21 14:51:55.849,0.333984,0.463379,-0.847412,-12.695312,3.540039,-0.427246
2021-06-21 14:51:55.854,0.333252,0.464600,-0.847656,-12.145995,2.319336,-3.784179
2021-06-21 14:51:55.860,0.335938,0.477295,-0.852783,-11.474608,1.220703,-6.652832
2021-06-21 14:51:55.865,0.329102,0.477539,-0.841064,-11.657714,0.671387,-8.544922
2021-06-21 14:51:55.869,0.327148,0.474121,-0.835449,-11.413573,0.122070,-10.192870
2021-06-21 14:51:55.875,0.320557,0.478760,-0.830811,-10.742187,-0.488281,-11.413573
2021-06-21 14:51:55.880,0.306641,0.469727,-0.829834,-9.704590,-1.037598,-12.939452
2021-06-21 14:51:55.884,0.300537,0.468994,-0.821533,-7.751464,-1.831055,-14.892577
2021-06-21 14:51:55.889,0.302979,0.473389,-0.826660,-6.530761,-1.953125,-16.296387
2021-06-21 14:51:55.895,0.293945,0.483398,-0.814209,-4.333496,-1.098633,-16.479492
2021-06-21 14:51:55.899,0.288818,0.488037,-0.807617,-3.906250,-0.122070,-16.296387
2021-06-21 14:51:55.904,0.291748,0.486816,-0.812744,-4.272461,0.732422,-16.418457
2021-06-21 14:51:55.909,0.305176,0.487793,-0.803711,-4.516602,2.197266,-16.235352
2021-06-21 14:51:55.914,0.314453,0.496094,-0.798828,-8.972168,3.601074,-15.380858
2021-06-21 14:51:55.919,0.302490,0.495850,-0.811768,-13.122558,4.577637,-14.587401
2021-06-21 14:51:55.924,0.289795,0.492432,-0.828613,-14.038085,5.920410,-14.404296
2021-06-21 14:51:55.929,0.287842,0.500977,-0.843262,-13.854980,7.751464,-13.549804
2021-06-21 14:51:55.933,0.297363,0.501221,-0.835938,-13.427733,9.399414,-10.986327
2021-06-21 14:51:55.938,0.293701,0.495850,-0.820557,-14.343261,10.437011,-7.507324
2021-06-21 14:51:55.943,0.294678,0.498535,-0.817871,-16.235352,10.559081,-4.760742
2021-06-21 14:51:55.948,0.291748,0.491455,-0.821533,-17.089844,10.620116,-1.708984
2021-06-21 14:51:55.953,0.283936,0.487793,-0.818359,-16.845703,10.559081,1.770019
2021-06-21 14:51:55.958,0.281738,0.489258,-0.819336,-17.272949,10.192870,5.859375
2021-06-21 14:51:55.963,0.285156,0.488037,-0.821777,-17.456055,9.460449,10.070800
2021-06-21 14:51:55.968,0.288086,0.488037,-0.824219,-16.479492,8.605957,14.221190
2021-06-21 14:51:55.972,0.292969,0.484863,-0.821533,-15.014647,7.812500,18.554688
2021-06-21 14:51:55.977,0.298340,0.479736,-0.821533,-12.817382,6.835937,22.399900
2021-06-21 14:51:55.982,0.293945,0.476563,-0.825195,-9.094238,5.920410,25.634764
2021-06-21 14:51:55.987,0.287354,0.475098,-0.821045,-5.187988,5.371093,28.564451
2021-06-21 14:51:55.992,0.290771,0.483643,-0.802002,-2.685547,5.676269,32.409668
2021-06-21 14:51:55.997,0.298584,0.474854,-0.800049,-2.868652,7.080078,37.170410
2021-06-21 14:51:56.002,0.301270,0.464600,-0.790527,-3.967285,10.498046,41.259762
2021-06-21 14:51:56.007,0.304443,0.452881,-0.781982,-4.333496,14.953612,44.372555
2021-06-21 14:51:56.012,0.320801,0.443359,-0.797607,-3.173828,17.883301,45.532223
2021-06-21 14:51:56.016,0.343262,0.454346,-0.789063,-1.647949,19.714355,45.532223
2021-06-21 14:51:56.021,0.357178,0.467529,-0.780029,-3.112793,20.751951,45.898434
2021-06-21 14:51:56.026,0.368408,0.466064,-0.782959,-6.225585,20.019531,45.715328
2021-06-21 14:51:56.031,0.355469,0.467773,-0.775391,-8.056641,18.737793,45.837399
2021-06-21 14:51:56.036,0.359619,0.457764,-0.769531,-9.765625,15.869140,45.104977
2021-06-21 14:51:56.041,0.362305,0.450439,-0.773193,-10.314940,11.840819,43.457027
2021-06-21 14:51:56.046,0.362305,0.450928,-0.767822,-10.559081,6.591796,41.687008
2021-06-21 14:51:56.050,0.366455,0.448486,-0.766846,-11.413573,0.610352,39.367676
2021-06-21 14:51:56.055,0.368164,0.451660,-0.783691,-11.901855,-5.432128,36.621094
2021-06-21 14:51:56.060,0.369873,0.456787,-0.808838,-10.925292,-9.826660,34.301758
2021-06-21 14:51:56.065,0.379639,0.462158,-0.818359,-9.521484,-12.695312,32.714844
2021-06-21 14:51:56.070,0.387451,0.467773,-0.827148,-8.544922,-14.648437,31.738279
2021-06-21 14:51:56.075,0.384277,0.464355,-0.825928,-7.141113,-15.380858,31.127928
2021-06-21 14:51:56.080,0.388184,0.456299,-0.810059,-6.469726,-15.747069,30.578611
2021-06-21 14:51:56.085,0.400391,0.451416,-0.814453,-6.713867,-17.028809,30.395506
2021-06-21 14:51:56.090,0.407227,0.455811,-0.827637,-7.141113,-18.310547,30.273436
2021-06-21 14:51:56.095,0.408691,0.452637,-0.839111,-8.972168,-18.432617,30.639647
2021-06-21 14:51:56.099,0.420654,0.445557,-0.855713,-10.192870,-17.761230,31.066893
2021-06-21 14:51:56.104,0.431885,0.448975,-0.853760,-10.131835,-16.540527,31.188963
2021-06-21 14:51:56.110,0.445557,0.453613,-0.863281,-12.145995,-14.221190,32.226563
2021-06-21 14:51:56.115,0.460938,0.456543,-0.886475,-15.075683,-10.986327,34.118652
2021-06-21 14:51:56.119,0.468750,0.464600,-0.921143,-16.052246,-7.141113,35.400391
2021-06-21 14:51:56.125,0.472900,0.468262,-0.935791,-14.953612,-2.441406,35.583496
2021-06-21 14:51:56.130,0.482666,0.479980,-0.930664,-14.892577,2.258301,35.583496
2021-06-21 14:51:56.134,0.496338,0.481934,-0.933594,-15.686034,6.408691,34.790039
2021-06-21 14:51:56.139,0.509521,0.479004,-0.930664,-16.113281,10.131835,33.020020
2021-06-21 14:51:56.145,0.515137,0.472900,-0.924561,-16.357422,13.793944,30.578611
2021-06-21 14:51:56.150,0.521240,0.464600,-0.920166,-16.784668,17.578125,28.381346
2021-06-21 14:51:56.154,0.528809,0.456055,-0.905029,-17.211914,22.338865,27.526854
2021-06-21 14:51:56.159,0.530762,0.446777,-0.903809,-16.845703,27.343748,27.282713
2021-06-21 14:51:56.165,0.522949,0.442383,-0.894531,-15.991210,32.226563,27.587889
2021-06-21 14:51:56.169,0.521240,0.436768,-0.873535,-15.686034,36.376953,28.686522
2021-06-21 14:51:56.174,0.529297,0.426270,-0.860352,-16.113281,38.635254,30.273436
2021-06-21 14:51:56.180,0.541504,0.424805,-0.851807,-15.930175,39.184570,32.043457
2021-06-21 14:51:56.185,0.546143,0.429199,-0.854248,-14.526366,38.330078,33.386230
2021-06-21 14:51:56.189,0.554688,0.433838,-0.848877,-11.962890,36.315918,33.691406
2021-06-21 14:51:56.194,0.558594,0.437500,-0.833252,-10.375976,33.203125,33.264160
2021-06-21 14:51:56.200,0.559570,0.439941,-0.815430,-11.047362,29.235838,31.738279
2021-06-21 14:51:56.205,0.565430,0.450195,-0.804932,-13.000487,24.414061,28.320311
2021-06-21 14:51:56.209,0.572510,0.460449,-0.805664,-15.747069,18.859863,22.888182
2021-06-21 14:51:56.215,0.571777,0.471680,-0.811279,-18.188477,13.977050,16.601563
2021-06-21 14:51:56.220,0.567627,0.472656,-0.817383,-20.324705,10.375976,10.009766
2021-06-21 14:51:56.224,0.557861,0.465576,-0.815186,-22.155760,7.507324,3.784179
2021-06-21 14:51:56.229,0.549561,0.458496,-0.810059,-23.986814,4.943848,-2.319336
2021-06-21 14:51:56.235,0.553711,0.455078,-0.808105,-25.756834,1.953125,-7.995605
2021-06-21 14:51:56.240,0.549805,0.444824,-0.810547,-26.794432,-0.976562,-13.122558
2021-06-21 14:51:56.244,0.544434,0.440674,-0.810791,-26.184080,-4.028320,-18.371582
2021-06-21 14:51:56.250,0.551758,0.441406,-0.802734,-24.108885,-6.225585,-23.132322
2021-06-21 14:51:56.255,0.572021,0.440674,-0.797363,-22.583006,-6.835937,-25.939939
2021-06-21 14:51:56.259,0.572266,0.440430,-0.795410,-21.789549,-6.591796,-26.367186
2021-06-21 14:51:56.264,0.562744,0.436035,-0.789795,-19.042969,-6.286621,-26.550291
2021-06-21 14:51:56.270,0.551025,0.433594,-0.781250,-16.967773,-4.882813,-26.733397
2021-06-21 14:51:56.275,0.542969,0.438965,-0.792725,-15.197753,-3.417969,-26.245115
2021-06-21 14:51:56.279,0.546631,0.442383,-0.801270,-13.977050,-1.586914,-23.437498
2021-06-21 14:51:56.284,0.545166,0.449463,-0.802002,-13.488769,1.647949,-18.432617
2021-06-21 14:51:56.290,0.544678,0.446533,-0.796875,-12.329101,4.089355,-13.061522
2021-06-21 14:51:56.294,0.530762,0.448730,-0.789307,-11.718749,6.347656,-6.774902
2021-06-21 14:51:56.299,0.512939,0.438965,-0.792236,-12.390136,10.070800,0.366211
2021-06-21 14:51:56.305,0.501709,0.437744,-0.802979,-12.084960,14.526366,7.995605
2021-06-21 14:51:56.310,0.487549,0.435303,-0.809570,-10.742187,18.981934,15.380858
2021-06-21 14:51:56.314,0.473877,0.438477,-0.792725,-8.422852,23.803709,22.155760
2021-06-21 14:51:56.319,0.471680,0.436523,-0.762451,-7.080078,26.977537,27.465818
2021-06-21 14:51:56.325,0.466553,0.434326,-0.750488,-6.713867,27.587889,31.433104
2021-06-21 14:51:56.330,0.462891,0.425293,-0.737305,-6.469726,26.977537,34.545898
2021-06-21 14:51:56.334,0.465576,0.420410,-0.725586,-6.286621,26.367186,36.560059
2021-06-21 14:51:56.340,0.457764,0.411377,-0.719971,-6.042480,25.207518,37.658691
2021-06-21 14:51:56.345,0.452881,0.400146,-0.721924,-4.821777,23.742674,36.865234
2021-06-21 14:51:56.349,0.447021,0.397949,-0.728027,-2.197266,22.583006,36.865234
2021-06-21 14:51:56.354,0.436279,0.392090,-0.718750,-0.122070,19.531250,36.010742
2021-06-21 14:51:56.360,0.447266,0.403809,-0.716553,1.037598,14.404296,32.592773
2021-06-21 14:51:56.365,0.466797,0.414795,-0.718506,0.854492,7.934570,28.503416
2021-06-21 14:51:56.369,0.480957,0.412598,-0.717285,-0.549316,1.281738,24.047850
2021-06-21 14:51:56.375,0.489258,0.402588,-0.716553,-2.258301,-4.882813,19.042969
2021-06-21 14:51:56.380,0.501953,0.385010,-0.712402,-3.540039,-9.826660,13.305663
2021-06-21 14:51:56.384,0.510254,0.368652,-0.697754,-5.981445,-12.817382,7.690429
2021-06-21 14:51:56.389,0.494873,0.356934,-0.695313,-9.277344,-14.709472,3.723144
2021-06-21 14:51:56.395,0.485352,0.348633,-0.687744,-12.207030,-15.808105,-0.488281
2021-06-21 14:51:56.400,0.492432,0.334717,-0.684814,-15.747069,-15.686034,-4.516602
2021-06-21 14:51:56.404,0.495117,0.326172,-0.694580,-17.639160,-14.160155,-6.958007
2021-06-21 14:51:56.409,0.478760,0.312988,-0.701660,-17.272949,-11.962890,-7.873535
2021-06-21 14:51:56.415,0.462646,0.301514,-0.708740,-15.197753,-9.277344,-8.300781
2021-06-21 14:51:56.419,0.449219,0.311279,-0.701904,-12.390136,-6.164550,-7.751464
2021-06-21 14:51:56.424,0.443848,0.318115,-0.694336,-10.742187,-1.831055,-5.493164
2021-06-21 14:51:56.430,0.431396,0.302002,-0.679932,-10.192870,2.685547,-2.685547
2021-06-21 14:51:56.435,0.423584,0.288330,-0.670654,-9.094238,5.371093,-0.854492
2021-06-21 14:51:56.439,0.422363,0.286133,-0.668457,-6.896972,6.591796,0.000000
2021-06-21 14:51:56.444,0.420898,0.281006,-0.645264,-4.638672,6.896972,0.061035
2021-06-21 14:51:56.450,0.423340,0.268799,-0.634766,-3.662109,6.286621,-0.976562
2021-06-21 14:51:56.455,0.441406,0.281738,-0.634521,-3.234863,6.164550,-2.868652
2021-06-21 14:51:56.459,0.453125,0.292236,-0.634521,-3.906250,6.958007,-4.150391
2021-06-21 14:51:56.465,0.452393,0.291992,-0.640625,-3.784179,8.178711,-5.859375
2021-06-21 14:51:56.470,0.460449,0.282959,-0.641602,-2.380371,9.765625,-8.239746
2021-06-21 14:51:56.474,0.480713,0.284180,-0.640381,-1.037598,10.375976,-10.498046
2021-06-21 14:51:56.479,0.494873,0.287109,-0.637939,1.770019,9.399414,-12.084960
2021-06-21 14:51:56.485,0.497314,0.285156,-0.646240,5.249023,6.896972,-13.366698
